-- phpMyAdmin SQL Dump
-- version 4.9.0.1
-- https://www.phpmyadmin.net/
--
-- Host: 127.0.0.1
-- Generation Time: Mar 16, 2020 at 02:04 PM
-- Server version: 10.3.16-MariaDB
-- PHP Version: 7.3.7

SET SQL_MODE = "NO_AUTO_VALUE_ON_ZERO";
SET AUTOCOMMIT = 0;
START TRANSACTION;
SET time_zone = "+00:00";


/*!40101 SET @OLD_CHARACTER_SET_CLIENT=@@CHARACTER_SET_CLIENT */;
/*!40101 SET @OLD_CHARACTER_SET_RESULTS=@@CHARACTER_SET_RESULTS */;
/*!40101 SET @OLD_COLLATION_CONNECTION=@@COLLATION_CONNECTION */;
/*!40101 SET NAMES utf8mb4 */;

--
-- Database: `db_absensi`
--

-- --------------------------------------------------------

--
-- Table structure for table `tbl_absen`
--

CREATE TABLE `tbl_absen` (
  `id_absen` int(10) UNSIGNED NOT NULL,
  `id_acara` int(10) UNSIGNED DEFAULT NULL,
  `id_siswa` varchar(10) NOT NULL,
  `waktu_absensi` datetime NOT NULL DEFAULT current_timestamp()
) ENGINE=InnoDB DEFAULT CHARSET=latin1;

--
-- Dumping data for table `tbl_absen`
--

INSERT INTO `tbl_absen` (`id_absen`, `id_acara`, `id_siswa`, `waktu_absensi`) VALUES
(551, 1, '20181', '2020-03-16 19:58:26'),
(552, 1, '20182', '2020-03-16 19:58:26'),
(553, 1, '20183', '2020-03-16 19:58:26'),
(554, 1, '20184', '2020-03-16 19:58:26'),
(555, 1, '20185', '2020-03-16 19:58:26'),
(556, 1, '20186', '2020-03-16 19:58:26'),
(557, 1, '20187', '2020-03-16 19:58:26'),
(558, 1, '20188', '2020-03-16 19:58:26'),
(559, 1, '20189', '2020-03-16 19:58:26'),
(560, 1, '201810', '2020-03-16 19:58:26'),
(561, 1, '201811', '2020-03-16 19:58:26'),
(562, 1, '201812', '2020-03-16 19:58:26'),
(563, 1, '201813', '2020-03-16 19:58:26'),
(564, 1, '201814', '2020-03-16 19:58:26'),
(565, 1, '201815', '2020-03-16 19:58:26'),
(566, 1, '201816', '2020-03-16 19:58:26'),
(567, 1, '201817', '2020-03-16 19:58:26'),
(568, 1, '201818', '2020-03-16 19:58:26'),
(569, 1, '201819', '2020-03-16 19:58:26'),
(570, 1, '201820', '2020-03-16 19:58:26'),
(571, 1, '201821', '2020-03-16 19:58:26'),
(572, 1, '201822', '2020-03-16 19:58:26'),
(573, 1, '201823', '2020-03-16 19:58:26'),
(574, 1, '201824', '2020-03-16 19:58:26'),
(575, 1, '201825', '2020-03-16 19:58:26'),
(576, 1, '201826', '2020-03-16 19:58:26'),
(577, 1, '201827', '2020-03-16 19:58:26'),
(578, 1, '201828', '2020-03-16 19:58:26'),
(579, 1, '201829', '2020-03-16 19:58:26'),
(580, 1, '201830', '2020-03-16 19:58:26'),
(581, 1, '201831', '2020-03-16 19:58:26'),
(582, 1, '201832', '2020-03-16 19:58:26'),
(583, 1, '201833', '2020-03-16 19:58:26'),
(584, 1, '201834', '2020-03-16 19:58:26'),
(585, 1, '201835', '2020-03-16 19:58:26'),
(586, 1, '201836', '2020-03-16 19:58:26'),
(587, 1, '201837', '2020-03-16 19:58:26'),
(588, 1, '201838', '2020-03-16 19:58:26'),
(589, 1, '201839', '2020-03-16 19:58:26'),
(590, 1, '201840', '2020-03-16 19:58:26'),
(591, 1, '201851', '2020-03-16 19:58:26'),
(592, 1, '201852', '2020-03-16 19:58:26'),
(593, 1, '201853', '2020-03-16 19:58:26'),
(594, 1, '201854', '2020-03-16 19:58:26'),
(595, 1, '201855', '2020-03-16 19:58:26'),
(596, 1, '201856', '2020-03-16 19:58:26'),
(597, 1, '201857', '2020-03-16 19:58:26'),
(598, 1, '201858', '2020-03-16 19:58:26'),
(599, 1, '201859', '2020-03-16 19:58:26'),
(600, 1, '201860', '2020-03-16 19:58:26'),
(601, 1, '201861', '2020-03-16 19:58:26'),
(602, 1, '201862', '2020-03-16 19:58:26'),
(603, 1, '201863', '2020-03-16 19:58:26'),
(604, 1, '201864', '2020-03-16 19:58:26'),
(605, 1, '201865', '2020-03-16 19:58:26'),
(606, 1, '201866', '2020-03-16 19:58:26'),
(607, 1, '201867', '2020-03-16 19:58:26'),
(608, 1, '201868', '2020-03-16 19:58:26'),
(609, 1, '201869', '2020-03-16 19:58:26'),
(610, 1, '201870', '2020-03-16 19:58:26'),
(611, 1, '201871', '2020-03-16 19:58:26'),
(612, 1, '201872', '2020-03-16 19:58:26'),
(613, 1, '201873', '2020-03-16 19:58:26'),
(614, 1, '201874', '2020-03-16 19:58:26'),
(615, 1, '201875', '2020-03-16 19:58:26'),
(616, 1, '201876', '2020-03-16 19:58:26'),
(617, 1, '201877', '2020-03-16 19:58:26'),
(618, 1, '201878', '2020-03-16 19:58:26'),
(619, 1, '201879', '2020-03-16 19:58:26'),
(620, 1, '201880', '2020-03-16 19:58:26'),
(621, 1, '201881', '2020-03-16 19:58:26'),
(622, 1, '201882', '2020-03-16 19:58:26'),
(623, 1, '201883', '2020-03-16 19:58:26'),
(624, 1, '201884', '2020-03-16 19:58:26'),
(625, 1, '201885', '2020-03-16 19:58:26'),
(626, 1, '201886', '2020-03-16 19:58:26'),
(627, 1, '201887', '2020-03-16 19:58:26'),
(628, 1, '201888', '2020-03-16 19:58:26'),
(629, 1, '201889', '2020-03-16 19:58:26'),
(630, 1, '201890', '2020-03-16 19:58:26'),
(631, 1, '2018101', '2020-03-16 19:58:26'),
(632, 1, '2018102', '2020-03-16 19:58:26'),
(633, 1, '2018103', '2020-03-16 19:58:26'),
(634, 1, '2018104', '2020-03-16 19:58:26'),
(635, 1, '2018105', '2020-03-16 19:58:26'),
(636, 1, '2018106', '2020-03-16 19:58:26'),
(637, 1, '2018107', '2020-03-16 19:58:26'),
(638, 1, '2018108', '2020-03-16 19:58:26'),
(639, 1, '2018109', '2020-03-16 19:58:26'),
(640, 1, '2018110', '2020-03-16 19:58:26'),
(641, 1, '2018111', '2020-03-16 19:58:26'),
(642, 1, '2018112', '2020-03-16 19:58:26'),
(643, 1, '2018113', '2020-03-16 19:58:26'),
(644, 1, '2018114', '2020-03-16 19:58:26'),
(645, 1, '2018115', '2020-03-16 19:58:26'),
(646, 1, '2018116', '2020-03-16 19:58:26'),
(647, 1, '2018117', '2020-03-16 19:58:26'),
(648, 1, '2018118', '2020-03-16 19:58:26'),
(649, 1, '2018119', '2020-03-16 19:58:26'),
(650, 1, '2018120', '2020-03-16 19:58:26'),
(651, 1, '2018121', '2020-03-16 19:58:26'),
(652, 1, '2018122', '2020-03-16 19:58:26'),
(653, 1, '2018123', '2020-03-16 19:58:26'),
(654, 1, '2018124', '2020-03-16 19:58:26'),
(655, 1, '2018125', '2020-03-16 19:58:26'),
(656, 1, '2018126', '2020-03-16 19:58:26'),
(657, 1, '2018127', '2020-03-16 19:58:26'),
(658, 1, '2018128', '2020-03-16 19:58:26'),
(659, 1, '2018129', '2020-03-16 19:58:26'),
(660, 1, '2018130', '2020-03-16 19:58:26'),
(661, 1, '2018131', '2020-03-16 19:58:26'),
(662, 1, '2018132', '2020-03-16 19:58:26'),
(663, 1, '2018133', '2020-03-16 19:58:26'),
(664, 1, '2018134', '2020-03-16 19:58:26'),
(665, 1, '2018135', '2020-03-16 19:58:26'),
(666, 1, '2018136', '2020-03-16 19:58:26'),
(667, 1, '2018137', '2020-03-16 19:58:26'),
(668, 1, '2018138', '2020-03-16 19:58:26'),
(669, 1, '2018139', '2020-03-16 19:58:26'),
(670, 1, '2018140', '2020-03-16 19:58:26'),
(671, 1, '2018151', '2020-03-16 19:58:26'),
(672, 1, '2018152', '2020-03-16 19:58:26'),
(673, 1, '2018153', '2020-03-16 19:58:26'),
(674, 1, '2018154', '2020-03-16 19:58:26'),
(675, 1, '2018155', '2020-03-16 19:58:26'),
(676, 1, '2018156', '2020-03-16 19:58:26'),
(677, 1, '2018157', '2020-03-16 19:58:26'),
(678, 1, '2018158', '2020-03-16 19:58:26'),
(679, 1, '2018159', '2020-03-16 19:58:26'),
(680, 1, '2018160', '2020-03-16 19:58:26'),
(681, 1, '2018161', '2020-03-16 19:58:26'),
(682, 1, '2018162', '2020-03-16 19:58:26'),
(683, 1, '2018163', '2020-03-16 19:58:26'),
(684, 1, '2018164', '2020-03-16 19:58:26'),
(685, 1, '2018165', '2020-03-16 19:58:26'),
(686, 1, '2018166', '2020-03-16 19:58:26'),
(687, 1, '2018167', '2020-03-16 19:58:26'),
(688, 1, '2018168', '2020-03-16 19:58:26'),
(689, 1, '2018169', '2020-03-16 19:58:26'),
(690, 1, '2018170', '2020-03-16 19:58:26'),
(691, 1, '2018171', '2020-03-16 19:58:26'),
(692, 1, '2018172', '2020-03-16 19:58:26'),
(693, 1, '2018173', '2020-03-16 19:58:26'),
(694, 1, '2018174', '2020-03-16 19:58:26'),
(695, 1, '2018175', '2020-03-16 19:58:26'),
(696, 1, '2018176', '2020-03-16 19:58:26'),
(697, 1, '2018177', '2020-03-16 19:58:26'),
(698, 1, '2018178', '2020-03-16 19:58:26'),
(699, 1, '2018179', '2020-03-16 19:58:26'),
(700, 1, '2018180', '2020-03-16 19:58:26'),
(701, 1, '2018181', '2020-03-16 19:58:26'),
(702, 1, '2018182', '2020-03-16 19:58:26'),
(703, 1, '2018183', '2020-03-16 19:58:26'),
(704, 1, '2018184', '2020-03-16 19:58:26'),
(705, 1, '2018185', '2020-03-16 19:58:26'),
(706, 1, '2018186', '2020-03-16 19:58:26'),
(707, 1, '2018187', '2020-03-16 19:58:26'),
(708, 1, '2018188', '2020-03-16 19:58:26'),
(709, 1, '2018189', '2020-03-16 19:58:26'),
(710, 1, '2018190', '2020-03-16 19:58:26'),
(711, 1, '2018201', '2020-03-16 19:58:26'),
(712, 1, '2018202', '2020-03-16 19:58:26'),
(713, 1, '2018203', '2020-03-16 19:58:26'),
(714, 1, '2018204', '2020-03-16 19:58:26'),
(715, 1, '2018205', '2020-03-16 19:58:26'),
(716, 1, '2018206', '2020-03-16 19:58:26'),
(717, 1, '2018207', '2020-03-16 19:58:26'),
(718, 1, '2018208', '2020-03-16 19:58:26'),
(719, 1, '2018209', '2020-03-16 19:58:26'),
(720, 1, '2018210', '2020-03-16 19:58:26'),
(721, 1, '2018211', '2020-03-16 19:58:26'),
(722, 1, '2018212', '2020-03-16 19:58:26'),
(723, 1, '2018213', '2020-03-16 19:58:26'),
(724, 1, '2018214', '2020-03-16 19:58:26'),
(725, 1, '2018215', '2020-03-16 19:58:26'),
(726, 1, '2018216', '2020-03-16 19:58:26'),
(727, 1, '2018217', '2020-03-16 19:58:26'),
(728, 1, '2018218', '2020-03-16 19:58:26'),
(729, 1, '2018219', '2020-03-16 19:58:26'),
(730, 1, '2018220', '2020-03-16 19:58:26'),
(731, 1, '2018221', '2020-03-16 19:58:26'),
(732, 1, '2018222', '2020-03-16 19:58:26'),
(733, 1, '2018223', '2020-03-16 19:58:26'),
(734, 1, '2018224', '2020-03-16 19:58:26'),
(735, 1, '2018225', '2020-03-16 19:58:26'),
(736, 1, '2018226', '2020-03-16 19:58:26'),
(737, 1, '2018227', '2020-03-16 19:58:26'),
(738, 1, '2018228', '2020-03-16 19:58:26'),
(739, 1, '2018229', '2020-03-16 19:58:26'),
(740, 1, '2018230', '2020-03-16 19:58:26'),
(741, 1, '2018231', '2020-03-16 19:58:26'),
(742, 1, '2018232', '2020-03-16 19:58:26'),
(743, 1, '2018233', '2020-03-16 19:58:26'),
(744, 1, '2018234', '2020-03-16 19:58:26'),
(745, 1, '2018235', '2020-03-16 19:58:26'),
(746, 1, '2018236', '2020-03-16 19:58:26'),
(747, 1, '2018237', '2020-03-16 19:58:26'),
(748, 1, '2018238', '2020-03-16 19:58:26'),
(749, 1, '2018239', '2020-03-16 19:58:26'),
(750, 1, '2018240', '2020-03-16 19:58:26'),
(751, 1, '2018251', '2020-03-16 19:58:26'),
(752, 1, '2018252', '2020-03-16 19:58:26'),
(753, 1, '2018253', '2020-03-16 19:58:26'),
(754, 1, '2018254', '2020-03-16 19:58:26'),
(755, 1, '2018255', '2020-03-16 19:58:26'),
(756, 1, '2018256', '2020-03-16 19:58:26'),
(757, 1, '2018257', '2020-03-16 19:58:26'),
(758, 1, '2018258', '2020-03-16 19:58:26'),
(759, 1, '2018259', '2020-03-16 19:58:26'),
(760, 1, '2018260', '2020-03-16 19:58:26'),
(761, 1, '2018261', '2020-03-16 19:58:26'),
(762, 1, '2018262', '2020-03-16 19:58:26'),
(763, 1, '2018263', '2020-03-16 19:58:26'),
(764, 1, '2018264', '2020-03-16 19:58:26'),
(765, 1, '2018265', '2020-03-16 19:58:26'),
(766, 1, '2018266', '2020-03-16 19:58:26'),
(767, 1, '2018267', '2020-03-16 19:58:26'),
(768, 1, '2018268', '2020-03-16 19:58:26'),
(769, 1, '2018269', '2020-03-16 19:58:26'),
(770, 1, '2018270', '2020-03-16 19:58:26'),
(771, 1, '2018271', '2020-03-16 19:58:26'),
(772, 1, '2018272', '2020-03-16 19:58:26'),
(773, 1, '2018273', '2020-03-16 19:58:26'),
(774, 1, '2018274', '2020-03-16 19:58:26'),
(775, 1, '2018275', '2020-03-16 19:58:26'),
(776, 1, '2018276', '2020-03-16 19:58:26'),
(777, 1, '2018277', '2020-03-16 19:58:26'),
(778, 1, '2018278', '2020-03-16 19:58:26'),
(779, 1, '2018279', '2020-03-16 19:58:26'),
(780, 1, '2018280', '2020-03-16 19:58:26'),
(781, 1, '2018281', '2020-03-16 19:58:26'),
(782, 1, '2018282', '2020-03-16 19:58:26'),
(783, 1, '2018283', '2020-03-16 19:58:26'),
(784, 1, '2018284', '2020-03-16 19:58:26'),
(785, 1, '2018285', '2020-03-16 19:58:26'),
(786, 1, '2018286', '2020-03-16 19:58:26'),
(787, 1, '2018287', '2020-03-16 19:58:26'),
(788, 1, '2018288', '2020-03-16 19:58:26'),
(789, 1, '2018289', '2020-03-16 19:58:26'),
(790, 1, '2018290', '2020-03-16 19:58:26'),
(791, 1, '2018301', '2020-03-16 19:58:26'),
(792, 1, '2018302', '2020-03-16 19:58:26'),
(793, 1, '2018303', '2020-03-16 19:58:26'),
(794, 1, '2018304', '2020-03-16 19:58:26'),
(795, 1, '2018305', '2020-03-16 19:58:26'),
(796, 1, '2018306', '2020-03-16 19:58:26'),
(797, 1, '2018307', '2020-03-16 19:58:26'),
(798, 1, '2018308', '2020-03-16 19:58:26'),
(799, 1, '2018309', '2020-03-16 19:58:26'),
(800, 1, '2018310', '2020-03-16 19:58:26'),
(801, 1, '2018311', '2020-03-16 19:58:26'),
(802, 1, '2018312', '2020-03-16 19:58:26'),
(803, 1, '2018313', '2020-03-16 19:58:26'),
(804, 1, '2018314', '2020-03-16 19:58:26'),
(805, 1, '2018315', '2020-03-16 19:58:26'),
(806, 1, '2018316', '2020-03-16 19:58:26'),
(807, 1, '2018317', '2020-03-16 19:58:26'),
(808, 1, '2018318', '2020-03-16 19:58:26'),
(809, 1, '2018319', '2020-03-16 19:58:26'),
(810, 1, '2018320', '2020-03-16 19:58:26'),
(811, 1, '2018321', '2020-03-16 19:58:26'),
(812, 1, '2018322', '2020-03-16 19:58:26'),
(813, 1, '2018323', '2020-03-16 19:58:26'),
(814, 1, '2018324', '2020-03-16 19:58:26'),
(815, 1, '2018325', '2020-03-16 19:58:26'),
(816, 1, '2018326', '2020-03-16 19:58:26'),
(817, 1, '2018327', '2020-03-16 19:58:26'),
(818, 1, '2018328', '2020-03-16 19:58:26'),
(819, 1, '2018329', '2020-03-16 19:58:26'),
(820, 1, '2018330', '2020-03-16 19:58:26'),
(821, 1, '2018331', '2020-03-16 19:58:26'),
(822, 1, '2018332', '2020-03-16 19:58:26'),
(823, 1, '2018333', '2020-03-16 19:58:26'),
(824, 1, '2018334', '2020-03-16 19:58:26'),
(825, 1, '2018335', '2020-03-16 19:58:26'),
(826, 1, '2018336', '2020-03-16 19:58:26'),
(827, 1, '2018337', '2020-03-16 19:58:26'),
(828, 1, '2018338', '2020-03-16 19:58:26'),
(829, 1, '2018339', '2020-03-16 19:58:26'),
(830, 1, '2018340', '2020-03-16 19:58:26'),
(831, 1, '2018351', '2020-03-16 19:58:26'),
(832, 1, '2018352', '2020-03-16 19:58:26'),
(833, 1, '2018353', '2020-03-16 19:58:26'),
(834, 1, '2018354', '2020-03-16 19:58:26'),
(835, 1, '2018355', '2020-03-16 19:58:26'),
(836, 1, '2018356', '2020-03-16 19:58:26'),
(837, 1, '2018357', '2020-03-16 19:58:26'),
(838, 1, '2018358', '2020-03-16 19:58:26'),
(839, 1, '2018359', '2020-03-16 19:58:26'),
(840, 1, '2018360', '2020-03-16 19:58:26'),
(841, 1, '2018361', '2020-03-16 19:58:26'),
(842, 1, '2018362', '2020-03-16 19:58:26'),
(843, 1, '2018363', '2020-03-16 19:58:26'),
(844, 1, '2018364', '2020-03-16 19:58:26'),
(845, 1, '2018365', '2020-03-16 19:58:26'),
(846, 1, '2018366', '2020-03-16 19:58:26'),
(847, 1, '2018367', '2020-03-16 19:58:26'),
(848, 1, '2018368', '2020-03-16 19:58:26'),
(849, 1, '2018369', '2020-03-16 19:58:26'),
(850, 1, '2018370', '2020-03-16 19:58:26'),
(851, 1, '2018371', '2020-03-16 19:58:26'),
(852, 1, '2018372', '2020-03-16 19:58:26'),
(853, 1, '2018373', '2020-03-16 19:58:26'),
(854, 1, '2018374', '2020-03-16 19:58:26'),
(855, 1, '2018375', '2020-03-16 19:58:26'),
(856, 1, '2018376', '2020-03-16 19:58:26'),
(857, 1, '2018377', '2020-03-16 19:58:26'),
(858, 1, '2018378', '2020-03-16 19:58:26'),
(859, 1, '2018379', '2020-03-16 19:58:26'),
(860, 1, '2018380', '2020-03-16 19:58:26'),
(861, 1, '2018381', '2020-03-16 19:58:26'),
(862, 1, '2018382', '2020-03-16 19:58:26'),
(863, 1, '2018383', '2020-03-16 19:58:26'),
(864, 1, '2018384', '2020-03-16 19:58:26'),
(865, 1, '2018385', '2020-03-16 19:58:26'),
(866, 1, '2018386', '2020-03-16 19:58:26'),
(867, 1, '2018387', '2020-03-16 19:58:26'),
(868, 1, '2018388', '2020-03-16 19:58:26'),
(869, 1, '2018389', '2020-03-16 19:58:26'),
(870, 1, '2018390', '2020-03-16 19:58:26'),
(871, 1, '2018401', '2020-03-16 19:58:26'),
(872, 1, '2018402', '2020-03-16 19:58:26'),
(873, 1, '2018403', '2020-03-16 19:58:26'),
(874, 1, '2018404', '2020-03-16 19:58:26'),
(875, 1, '2018405', '2020-03-16 19:58:26'),
(876, 1, '2018406', '2020-03-16 19:58:26'),
(877, 1, '2018407', '2020-03-16 19:58:26'),
(878, 1, '2018408', '2020-03-16 19:58:26'),
(879, 1, '2018409', '2020-03-16 19:58:26'),
(880, 1, '2018410', '2020-03-16 19:58:26'),
(881, 1, '2018411', '2020-03-16 19:58:26'),
(882, 1, '2018412', '2020-03-16 19:58:26'),
(883, 1, '2018413', '2020-03-16 19:58:26'),
(884, 1, '2018414', '2020-03-16 19:58:26'),
(885, 1, '2018415', '2020-03-16 19:58:26'),
(886, 1, '2018416', '2020-03-16 19:58:26'),
(887, 1, '2018417', '2020-03-16 19:58:26'),
(888, 1, '2018418', '2020-03-16 19:58:26'),
(889, 1, '2018419', '2020-03-16 19:58:26'),
(890, 1, '2018420', '2020-03-16 19:58:26'),
(891, 1, '2018421', '2020-03-16 19:58:26'),
(892, 1, '2018422', '2020-03-16 19:58:26'),
(893, 1, '2018423', '2020-03-16 19:58:26'),
(894, 1, '2018424', '2020-03-16 19:58:26'),
(895, 1, '2018425', '2020-03-16 19:58:26'),
(896, 1, '2018426', '2020-03-16 19:58:26'),
(897, 1, '2018427', '2020-03-16 19:58:26'),
(898, 1, '2018428', '2020-03-16 19:58:26'),
(899, 1, '2018429', '2020-03-16 19:58:26'),
(900, 1, '2018430', '2020-03-16 19:58:26'),
(901, 1, '2018431', '2020-03-16 19:58:26'),
(902, 1, '2018432', '2020-03-16 19:58:26'),
(903, 1, '2018433', '2020-03-16 19:58:26'),
(904, 1, '2018434', '2020-03-16 19:58:26'),
(905, 1, '2018435', '2020-03-16 19:58:26'),
(906, 1, '2018436', '2020-03-16 19:58:26'),
(907, 1, '2018437', '2020-03-16 19:58:26'),
(908, 1, '2018438', '2020-03-16 19:58:26'),
(909, 1, '2018439', '2020-03-16 19:58:26'),
(910, 1, '2018440', '2020-03-16 19:58:26'),
(911, 1, '2018451', '2020-03-16 19:58:26'),
(912, 1, '2018452', '2020-03-16 19:58:26'),
(913, 1, '2018453', '2020-03-16 19:58:26'),
(914, 1, '2018454', '2020-03-16 19:58:26'),
(915, 1, '2018455', '2020-03-16 19:58:26'),
(916, 1, '2018456', '2020-03-16 19:58:26'),
(917, 1, '2018457', '2020-03-16 19:58:26'),
(918, 1, '2018458', '2020-03-16 19:58:26'),
(919, 1, '2018459', '2020-03-16 19:58:26'),
(920, 1, '2018460', '2020-03-16 19:58:26'),
(921, 1, '2018461', '2020-03-16 19:58:26'),
(922, 1, '2018462', '2020-03-16 19:58:26'),
(923, 1, '2018463', '2020-03-16 19:58:26'),
(924, 1, '2018464', '2020-03-16 19:58:26'),
(925, 1, '2018465', '2020-03-16 19:58:26'),
(926, 1, '2018466', '2020-03-16 19:58:26'),
(927, 1, '2018467', '2020-03-16 19:58:26'),
(928, 1, '2018468', '2020-03-16 19:58:26'),
(929, 1, '2018469', '2020-03-16 19:58:26'),
(930, 1, '2018470', '2020-03-16 19:58:26'),
(931, 1, '2018471', '2020-03-16 19:58:26'),
(932, 1, '2018472', '2020-03-16 19:58:26'),
(933, 1, '2018473', '2020-03-16 19:58:26'),
(934, 1, '2018474', '2020-03-16 19:58:26'),
(935, 1, '2018475', '2020-03-16 19:58:26'),
(936, 1, '2018476', '2020-03-16 19:58:26'),
(937, 1, '2018477', '2020-03-16 19:58:26'),
(938, 1, '2018478', '2020-03-16 19:58:26'),
(939, 1, '2018479', '2020-03-16 19:58:26'),
(940, 1, '2018480', '2020-03-16 19:58:26'),
(941, 1, '2018481', '2020-03-16 19:58:26'),
(942, 1, '2018482', '2020-03-16 19:58:26'),
(943, 1, '2018483', '2020-03-16 19:58:26'),
(944, 1, '2018484', '2020-03-16 19:58:26'),
(945, 1, '2018485', '2020-03-16 19:58:26'),
(946, 1, '2018486', '2020-03-16 19:58:26'),
(947, 1, '2018487', '2020-03-16 19:58:26'),
(948, 1, '2018488', '2020-03-16 19:58:26'),
(949, 1, '2018489', '2020-03-16 19:58:26'),
(950, 1, '2018490', '2020-03-16 19:58:26'),
(951, 2, '20181', '2020-03-16 19:58:36'),
(952, 2, '20182', '2020-03-16 19:58:36'),
(953, 2, '20183', '2020-03-16 19:58:36'),
(954, 2, '20184', '2020-03-16 19:58:36'),
(955, 2, '20185', '2020-03-16 19:58:36'),
(956, 2, '20186', '2020-03-16 19:58:36'),
(957, 2, '20187', '2020-03-16 19:58:36'),
(958, 2, '20188', '2020-03-16 19:58:36'),
(959, 2, '20189', '2020-03-16 19:58:36'),
(960, 2, '201810', '2020-03-16 19:58:36'),
(961, 2, '201811', '2020-03-16 19:58:36'),
(962, 2, '201812', '2020-03-16 19:58:36'),
(963, 2, '201813', '2020-03-16 19:58:36'),
(964, 2, '201814', '2020-03-16 19:58:36'),
(965, 2, '201815', '2020-03-16 19:58:36'),
(966, 2, '201816', '2020-03-16 19:58:36'),
(967, 2, '201817', '2020-03-16 19:58:36'),
(968, 2, '201818', '2020-03-16 19:58:36'),
(969, 2, '201819', '2020-03-16 19:58:36'),
(970, 2, '201820', '2020-03-16 19:58:36'),
(971, 2, '201821', '2020-03-16 19:58:36'),
(972, 2, '201822', '2020-03-16 19:58:36'),
(973, 2, '201823', '2020-03-16 19:58:36'),
(974, 2, '201824', '2020-03-16 19:58:36'),
(975, 2, '201825', '2020-03-16 19:58:36'),
(976, 2, '201826', '2020-03-16 19:58:36'),
(977, 2, '201827', '2020-03-16 19:58:36'),
(978, 2, '201828', '2020-03-16 19:58:36'),
(979, 2, '201829', '2020-03-16 19:58:36'),
(980, 2, '201830', '2020-03-16 19:58:36'),
(981, 2, '201831', '2020-03-16 19:58:36'),
(982, 2, '201832', '2020-03-16 19:58:36'),
(983, 2, '201833', '2020-03-16 19:58:36'),
(984, 2, '201834', '2020-03-16 19:58:36'),
(985, 2, '201835', '2020-03-16 19:58:36'),
(986, 2, '201836', '2020-03-16 19:58:36'),
(987, 2, '201837', '2020-03-16 19:58:36'),
(988, 2, '201838', '2020-03-16 19:58:36'),
(989, 2, '201839', '2020-03-16 19:58:36'),
(990, 2, '201840', '2020-03-16 19:58:36'),
(991, 2, '201851', '2020-03-16 19:58:36'),
(992, 2, '201852', '2020-03-16 19:58:36'),
(993, 2, '201853', '2020-03-16 19:58:36'),
(994, 2, '201854', '2020-03-16 19:58:36'),
(995, 2, '201855', '2020-03-16 19:58:36'),
(996, 2, '201856', '2020-03-16 19:58:36'),
(997, 2, '201857', '2020-03-16 19:58:36'),
(998, 2, '201858', '2020-03-16 19:58:36'),
(999, 2, '201859', '2020-03-16 19:58:36'),
(1000, 2, '201860', '2020-03-16 19:58:36'),
(1001, 2, '201861', '2020-03-16 19:58:36'),
(1002, 2, '201862', '2020-03-16 19:58:36'),
(1003, 2, '201863', '2020-03-16 19:58:36'),
(1004, 2, '201864', '2020-03-16 19:58:36'),
(1005, 2, '201865', '2020-03-16 19:58:36'),
(1006, 2, '201866', '2020-03-16 19:58:36'),
(1007, 2, '201867', '2020-03-16 19:58:36'),
(1008, 2, '201868', '2020-03-16 19:58:36'),
(1009, 2, '201869', '2020-03-16 19:58:36'),
(1010, 2, '201870', '2020-03-16 19:58:36'),
(1011, 2, '201871', '2020-03-16 19:58:36'),
(1012, 2, '201872', '2020-03-16 19:58:36'),
(1013, 2, '201873', '2020-03-16 19:58:36'),
(1014, 2, '201874', '2020-03-16 19:58:36'),
(1015, 2, '201875', '2020-03-16 19:58:36'),
(1016, 2, '201876', '2020-03-16 19:58:36'),
(1017, 2, '201877', '2020-03-16 19:58:36'),
(1018, 2, '201878', '2020-03-16 19:58:36'),
(1019, 2, '201879', '2020-03-16 19:58:36'),
(1020, 2, '201880', '2020-03-16 19:58:36'),
(1021, 2, '201881', '2020-03-16 19:58:36'),
(1022, 2, '201882', '2020-03-16 19:58:36'),
(1023, 2, '201883', '2020-03-16 19:58:36'),
(1024, 2, '201884', '2020-03-16 19:58:36'),
(1025, 2, '201885', '2020-03-16 19:58:36'),
(1026, 2, '201886', '2020-03-16 19:58:36'),
(1027, 2, '201887', '2020-03-16 19:58:36'),
(1028, 2, '201888', '2020-03-16 19:58:36'),
(1029, 2, '201889', '2020-03-16 19:58:36'),
(1030, 2, '201890', '2020-03-16 19:58:36'),
(1031, 2, '2018101', '2020-03-16 19:58:36'),
(1032, 2, '2018102', '2020-03-16 19:58:36'),
(1033, 2, '2018103', '2020-03-16 19:58:36'),
(1034, 2, '2018104', '2020-03-16 19:58:36'),
(1035, 2, '2018105', '2020-03-16 19:58:36'),
(1036, 2, '2018106', '2020-03-16 19:58:36'),
(1037, 2, '2018107', '2020-03-16 19:58:36'),
(1038, 2, '2018108', '2020-03-16 19:58:36'),
(1039, 2, '2018109', '2020-03-16 19:58:36'),
(1040, 2, '2018110', '2020-03-16 19:58:36'),
(1041, 2, '2018111', '2020-03-16 19:58:36'),
(1042, 2, '2018112', '2020-03-16 19:58:36'),
(1043, 2, '2018113', '2020-03-16 19:58:36'),
(1044, 2, '2018114', '2020-03-16 19:58:36'),
(1045, 2, '2018115', '2020-03-16 19:58:36'),
(1046, 2, '2018116', '2020-03-16 19:58:36'),
(1047, 2, '2018117', '2020-03-16 19:58:36'),
(1048, 2, '2018118', '2020-03-16 19:58:36'),
(1049, 2, '2018119', '2020-03-16 19:58:36'),
(1050, 2, '2018120', '2020-03-16 19:58:36'),
(1051, 2, '2018121', '2020-03-16 19:58:36'),
(1052, 2, '2018122', '2020-03-16 19:58:36'),
(1053, 2, '2018123', '2020-03-16 19:58:36'),
(1054, 2, '2018124', '2020-03-16 19:58:36'),
(1055, 2, '2018125', '2020-03-16 19:58:36'),
(1056, 2, '2018126', '2020-03-16 19:58:36'),
(1057, 2, '2018127', '2020-03-16 19:58:36'),
(1058, 2, '2018128', '2020-03-16 19:58:36'),
(1059, 2, '2018129', '2020-03-16 19:58:36'),
(1060, 2, '2018130', '2020-03-16 19:58:36'),
(1061, 2, '2018131', '2020-03-16 19:58:36'),
(1062, 2, '2018132', '2020-03-16 19:58:36'),
(1063, 2, '2018133', '2020-03-16 19:58:36'),
(1064, 2, '2018134', '2020-03-16 19:58:36'),
(1065, 2, '2018135', '2020-03-16 19:58:36'),
(1066, 2, '2018136', '2020-03-16 19:58:36'),
(1067, 2, '2018137', '2020-03-16 19:58:36'),
(1068, 2, '2018138', '2020-03-16 19:58:36'),
(1069, 2, '2018139', '2020-03-16 19:58:36'),
(1070, 2, '2018140', '2020-03-16 19:58:36'),
(1071, 2, '2018151', '2020-03-16 19:58:36'),
(1072, 2, '2018152', '2020-03-16 19:58:36'),
(1073, 2, '2018153', '2020-03-16 19:58:36'),
(1074, 2, '2018154', '2020-03-16 19:58:36'),
(1075, 2, '2018155', '2020-03-16 19:58:36'),
(1076, 2, '2018156', '2020-03-16 19:58:36'),
(1077, 2, '2018157', '2020-03-16 19:58:36'),
(1078, 2, '2018158', '2020-03-16 19:58:36'),
(1079, 2, '2018159', '2020-03-16 19:58:36'),
(1080, 2, '2018160', '2020-03-16 19:58:36'),
(1081, 2, '2018161', '2020-03-16 19:58:36'),
(1082, 2, '2018162', '2020-03-16 19:58:36'),
(1083, 2, '2018163', '2020-03-16 19:58:36'),
(1084, 2, '2018164', '2020-03-16 19:58:36'),
(1085, 2, '2018165', '2020-03-16 19:58:36'),
(1086, 2, '2018166', '2020-03-16 19:58:36'),
(1087, 2, '2018167', '2020-03-16 19:58:36'),
(1088, 2, '2018168', '2020-03-16 19:58:36'),
(1089, 2, '2018169', '2020-03-16 19:58:36'),
(1090, 2, '2018170', '2020-03-16 19:58:36'),
(1091, 2, '2018171', '2020-03-16 19:58:36'),
(1092, 2, '2018172', '2020-03-16 19:58:36'),
(1093, 2, '2018173', '2020-03-16 19:58:36'),
(1094, 2, '2018174', '2020-03-16 19:58:36'),
(1095, 2, '2018175', '2020-03-16 19:58:36'),
(1096, 2, '2018176', '2020-03-16 19:58:36'),
(1097, 2, '2018177', '2020-03-16 19:58:36'),
(1098, 2, '2018178', '2020-03-16 19:58:36'),
(1099, 2, '2018179', '2020-03-16 19:58:36'),
(1100, 2, '2018180', '2020-03-16 19:58:36'),
(1101, 2, '2018181', '2020-03-16 19:58:36'),
(1102, 2, '2018182', '2020-03-16 19:58:36'),
(1103, 2, '2018183', '2020-03-16 19:58:36'),
(1104, 2, '2018184', '2020-03-16 19:58:36'),
(1105, 2, '2018185', '2020-03-16 19:58:36'),
(1106, 2, '2018186', '2020-03-16 19:58:36'),
(1107, 2, '2018187', '2020-03-16 19:58:36'),
(1108, 2, '2018188', '2020-03-16 19:58:36'),
(1109, 2, '2018189', '2020-03-16 19:58:36'),
(1110, 2, '2018190', '2020-03-16 19:58:36'),
(1111, 2, '2018201', '2020-03-16 19:58:36'),
(1112, 2, '2018202', '2020-03-16 19:58:36'),
(1113, 2, '2018203', '2020-03-16 19:58:36'),
(1114, 2, '2018204', '2020-03-16 19:58:36'),
(1115, 2, '2018205', '2020-03-16 19:58:36'),
(1116, 2, '2018206', '2020-03-16 19:58:36'),
(1117, 2, '2018207', '2020-03-16 19:58:36'),
(1118, 2, '2018208', '2020-03-16 19:58:36'),
(1119, 2, '2018209', '2020-03-16 19:58:36'),
(1120, 2, '2018210', '2020-03-16 19:58:36'),
(1121, 2, '2018211', '2020-03-16 19:58:36'),
(1122, 2, '2018212', '2020-03-16 19:58:36'),
(1123, 2, '2018213', '2020-03-16 19:58:36'),
(1124, 2, '2018214', '2020-03-16 19:58:36'),
(1125, 2, '2018215', '2020-03-16 19:58:36'),
(1126, 2, '2018216', '2020-03-16 19:58:36'),
(1127, 2, '2018217', '2020-03-16 19:58:36'),
(1128, 2, '2018218', '2020-03-16 19:58:36'),
(1129, 2, '2018219', '2020-03-16 19:58:36'),
(1130, 2, '2018220', '2020-03-16 19:58:36'),
(1131, 2, '2018221', '2020-03-16 19:58:36'),
(1132, 2, '2018222', '2020-03-16 19:58:36'),
(1133, 2, '2018223', '2020-03-16 19:58:36'),
(1134, 2, '2018224', '2020-03-16 19:58:36'),
(1135, 2, '2018225', '2020-03-16 19:58:36'),
(1136, 2, '2018226', '2020-03-16 19:58:36'),
(1137, 2, '2018227', '2020-03-16 19:58:36'),
(1138, 2, '2018228', '2020-03-16 19:58:36'),
(1139, 2, '2018229', '2020-03-16 19:58:36'),
(1140, 2, '2018230', '2020-03-16 19:58:36'),
(1141, 2, '2018231', '2020-03-16 19:58:36'),
(1142, 2, '2018232', '2020-03-16 19:58:36'),
(1143, 2, '2018233', '2020-03-16 19:58:36'),
(1144, 2, '2018234', '2020-03-16 19:58:36'),
(1145, 2, '2018235', '2020-03-16 19:58:36'),
(1146, 2, '2018236', '2020-03-16 19:58:36'),
(1147, 2, '2018237', '2020-03-16 19:58:36'),
(1148, 2, '2018238', '2020-03-16 19:58:36'),
(1149, 2, '2018239', '2020-03-16 19:58:36'),
(1150, 2, '2018240', '2020-03-16 19:58:36'),
(1151, 2, '2018251', '2020-03-16 19:58:36'),
(1152, 2, '2018252', '2020-03-16 19:58:36'),
(1153, 2, '2018253', '2020-03-16 19:58:36'),
(1154, 2, '2018254', '2020-03-16 19:58:36'),
(1155, 2, '2018255', '2020-03-16 19:58:36'),
(1156, 2, '2018256', '2020-03-16 19:58:36'),
(1157, 2, '2018257', '2020-03-16 19:58:36'),
(1158, 2, '2018258', '2020-03-16 19:58:36'),
(1159, 2, '2018259', '2020-03-16 19:58:36'),
(1160, 2, '2018260', '2020-03-16 19:58:36'),
(1161, 2, '2018261', '2020-03-16 19:58:36'),
(1162, 2, '2018262', '2020-03-16 19:58:36'),
(1163, 2, '2018263', '2020-03-16 19:58:36'),
(1164, 2, '2018264', '2020-03-16 19:58:36'),
(1165, 2, '2018265', '2020-03-16 19:58:36'),
(1166, 2, '2018266', '2020-03-16 19:58:36'),
(1167, 2, '2018267', '2020-03-16 19:58:36'),
(1168, 2, '2018268', '2020-03-16 19:58:36'),
(1169, 2, '2018269', '2020-03-16 19:58:37'),
(1170, 2, '2018270', '2020-03-16 19:58:37'),
(1171, 2, '2018271', '2020-03-16 19:58:37'),
(1172, 2, '2018272', '2020-03-16 19:58:37'),
(1173, 2, '2018273', '2020-03-16 19:58:37'),
(1174, 2, '2018274', '2020-03-16 19:58:37'),
(1175, 2, '2018275', '2020-03-16 19:58:37'),
(1176, 2, '2018276', '2020-03-16 19:58:37'),
(1177, 2, '2018277', '2020-03-16 19:58:37'),
(1178, 2, '2018278', '2020-03-16 19:58:37'),
(1179, 2, '2018279', '2020-03-16 19:58:37'),
(1180, 2, '2018280', '2020-03-16 19:58:37'),
(1181, 2, '2018281', '2020-03-16 19:58:37'),
(1182, 2, '2018282', '2020-03-16 19:58:37'),
(1183, 2, '2018283', '2020-03-16 19:58:37'),
(1184, 2, '2018284', '2020-03-16 19:58:37'),
(1185, 2, '2018285', '2020-03-16 19:58:37'),
(1186, 2, '2018286', '2020-03-16 19:58:37'),
(1187, 2, '2018287', '2020-03-16 19:58:37'),
(1188, 2, '2018288', '2020-03-16 19:58:37'),
(1189, 2, '2018289', '2020-03-16 19:58:37'),
(1190, 2, '2018290', '2020-03-16 19:58:37'),
(1191, 2, '2018301', '2020-03-16 19:58:37'),
(1192, 2, '2018302', '2020-03-16 19:58:37'),
(1193, 2, '2018303', '2020-03-16 19:58:37'),
(1194, 2, '2018304', '2020-03-16 19:58:37'),
(1195, 2, '2018305', '2020-03-16 19:58:37'),
(1196, 2, '2018306', '2020-03-16 19:58:37'),
(1197, 2, '2018307', '2020-03-16 19:58:37'),
(1198, 2, '2018308', '2020-03-16 19:58:37'),
(1199, 2, '2018309', '2020-03-16 19:58:37'),
(1200, 2, '2018310', '2020-03-16 19:58:37'),
(1201, 2, '2018311', '2020-03-16 19:58:37'),
(1202, 2, '2018312', '2020-03-16 19:58:37'),
(1203, 2, '2018313', '2020-03-16 19:58:37'),
(1204, 2, '2018314', '2020-03-16 19:58:37'),
(1205, 2, '2018315', '2020-03-16 19:58:37'),
(1206, 2, '2018316', '2020-03-16 19:58:37'),
(1207, 2, '2018317', '2020-03-16 19:58:37'),
(1208, 2, '2018318', '2020-03-16 19:58:37'),
(1209, 2, '2018319', '2020-03-16 19:58:37'),
(1210, 2, '2018320', '2020-03-16 19:58:37'),
(1211, 2, '2018321', '2020-03-16 19:58:37'),
(1212, 2, '2018322', '2020-03-16 19:58:37'),
(1213, 2, '2018323', '2020-03-16 19:58:37'),
(1214, 2, '2018324', '2020-03-16 19:58:37'),
(1215, 2, '2018325', '2020-03-16 19:58:37'),
(1216, 2, '2018326', '2020-03-16 19:58:37'),
(1217, 2, '2018327', '2020-03-16 19:58:37'),
(1218, 2, '2018328', '2020-03-16 19:58:37'),
(1219, 2, '2018329', '2020-03-16 19:58:37'),
(1220, 2, '2018330', '2020-03-16 19:58:37'),
(1221, 2, '2018331', '2020-03-16 19:58:37'),
(1222, 2, '2018332', '2020-03-16 19:58:37'),
(1223, 2, '2018333', '2020-03-16 19:58:37'),
(1224, 2, '2018334', '2020-03-16 19:58:37'),
(1225, 2, '2018335', '2020-03-16 19:58:37'),
(1226, 2, '2018336', '2020-03-16 19:58:37'),
(1227, 2, '2018337', '2020-03-16 19:58:37'),
(1228, 2, '2018338', '2020-03-16 19:58:37'),
(1229, 2, '2018339', '2020-03-16 19:58:37'),
(1230, 2, '2018340', '2020-03-16 19:58:37'),
(1231, 2, '2018351', '2020-03-16 19:58:37'),
(1232, 2, '2018352', '2020-03-16 19:58:37'),
(1233, 2, '2018353', '2020-03-16 19:58:37'),
(1234, 2, '2018354', '2020-03-16 19:58:37'),
(1235, 2, '2018355', '2020-03-16 19:58:37'),
(1236, 2, '2018356', '2020-03-16 19:58:37'),
(1237, 2, '2018357', '2020-03-16 19:58:37'),
(1238, 2, '2018358', '2020-03-16 19:58:37'),
(1239, 2, '2018359', '2020-03-16 19:58:37'),
(1240, 2, '2018360', '2020-03-16 19:58:37'),
(1241, 2, '2018361', '2020-03-16 19:58:37'),
(1242, 2, '2018362', '2020-03-16 19:58:37'),
(1243, 2, '2018363', '2020-03-16 19:58:37'),
(1244, 2, '2018364', '2020-03-16 19:58:37'),
(1245, 2, '2018365', '2020-03-16 19:58:37'),
(1246, 2, '2018366', '2020-03-16 19:58:37'),
(1247, 2, '2018367', '2020-03-16 19:58:37'),
(1248, 2, '2018368', '2020-03-16 19:58:37'),
(1249, 2, '2018369', '2020-03-16 19:58:37'),
(1250, 2, '2018370', '2020-03-16 19:58:37'),
(1251, 2, '2018371', '2020-03-16 19:58:37'),
(1252, 2, '2018372', '2020-03-16 19:58:37'),
(1253, 2, '2018373', '2020-03-16 19:58:37'),
(1254, 2, '2018374', '2020-03-16 19:58:37'),
(1255, 2, '2018375', '2020-03-16 19:58:37'),
(1256, 2, '2018376', '2020-03-16 19:58:37'),
(1257, 2, '2018377', '2020-03-16 19:58:37'),
(1258, 2, '2018378', '2020-03-16 19:58:37'),
(1259, 2, '2018379', '2020-03-16 19:58:37'),
(1260, 2, '2018380', '2020-03-16 19:58:37'),
(1261, 2, '2018381', '2020-03-16 19:58:37'),
(1262, 2, '2018382', '2020-03-16 19:58:37'),
(1263, 2, '2018383', '2020-03-16 19:58:37'),
(1264, 2, '2018384', '2020-03-16 19:58:37'),
(1265, 2, '2018385', '2020-03-16 19:58:37'),
(1266, 2, '2018386', '2020-03-16 19:58:37'),
(1267, 2, '2018387', '2020-03-16 19:58:37'),
(1268, 2, '2018388', '2020-03-16 19:58:37'),
(1269, 2, '2018389', '2020-03-16 19:58:37'),
(1270, 2, '2018390', '2020-03-16 19:58:37'),
(1271, 2, '2018401', '2020-03-16 19:58:37'),
(1272, 2, '2018402', '2020-03-16 19:58:37'),
(1273, 2, '2018403', '2020-03-16 19:58:37'),
(1274, 2, '2018404', '2020-03-16 19:58:37'),
(1275, 2, '2018405', '2020-03-16 19:58:37'),
(1276, 2, '2018406', '2020-03-16 19:58:37'),
(1277, 2, '2018407', '2020-03-16 19:58:37'),
(1278, 2, '2018408', '2020-03-16 19:58:37'),
(1279, 2, '2018409', '2020-03-16 19:58:37'),
(1280, 2, '2018410', '2020-03-16 19:58:37'),
(1281, 2, '2018411', '2020-03-16 19:58:37'),
(1282, 2, '2018412', '2020-03-16 19:58:37'),
(1283, 2, '2018413', '2020-03-16 19:58:37'),
(1284, 2, '2018414', '2020-03-16 19:58:37'),
(1285, 2, '2018415', '2020-03-16 19:58:37'),
(1286, 2, '2018416', '2020-03-16 19:58:37'),
(1287, 2, '2018417', '2020-03-16 19:58:37'),
(1288, 2, '2018418', '2020-03-16 19:58:37'),
(1289, 2, '2018419', '2020-03-16 19:58:37'),
(1290, 2, '2018420', '2020-03-16 19:58:37'),
(1291, 2, '2018421', '2020-03-16 19:58:37'),
(1292, 2, '2018422', '2020-03-16 19:58:37'),
(1293, 2, '2018423', '2020-03-16 19:58:37'),
(1294, 2, '2018424', '2020-03-16 19:58:37'),
(1295, 2, '2018425', '2020-03-16 19:58:37'),
(1296, 2, '2018426', '2020-03-16 19:58:37'),
(1297, 2, '2018427', '2020-03-16 19:58:37'),
(1298, 2, '2018428', '2020-03-16 19:58:37'),
(1299, 2, '2018429', '2020-03-16 19:58:37'),
(1300, 2, '2018430', '2020-03-16 19:58:37'),
(1301, 2, '2018431', '2020-03-16 19:58:37'),
(1302, 2, '2018432', '2020-03-16 19:58:37'),
(1303, 2, '2018433', '2020-03-16 19:58:37'),
(1304, 2, '2018434', '2020-03-16 19:58:37'),
(1305, 2, '2018435', '2020-03-16 19:58:37'),
(1306, 2, '2018436', '2020-03-16 19:58:37'),
(1307, 2, '2018437', '2020-03-16 19:58:37'),
(1308, 2, '2018438', '2020-03-16 19:58:37'),
(1309, 2, '2018439', '2020-03-16 19:58:37'),
(1310, 2, '2018440', '2020-03-16 19:58:37'),
(1311, 2, '2018451', '2020-03-16 19:58:37'),
(1312, 2, '2018452', '2020-03-16 19:58:37'),
(1313, 2, '2018453', '2020-03-16 19:58:37'),
(1314, 2, '2018454', '2020-03-16 19:58:37'),
(1315, 2, '2018455', '2020-03-16 19:58:37'),
(1316, 2, '2018456', '2020-03-16 19:58:37'),
(1317, 2, '2018457', '2020-03-16 19:58:37'),
(1318, 2, '2018458', '2020-03-16 19:58:37'),
(1319, 2, '2018459', '2020-03-16 19:58:37'),
(1320, 2, '2018460', '2020-03-16 19:58:37'),
(1321, 2, '2018461', '2020-03-16 19:58:37'),
(1322, 2, '2018462', '2020-03-16 19:58:37'),
(1323, 2, '2018463', '2020-03-16 19:58:37'),
(1324, 2, '2018464', '2020-03-16 19:58:37'),
(1325, 2, '2018465', '2020-03-16 19:58:37'),
(1326, 2, '2018466', '2020-03-16 19:58:37'),
(1327, 2, '2018467', '2020-03-16 19:58:37'),
(1328, 2, '2018468', '2020-03-16 19:58:37'),
(1329, 2, '2018469', '2020-03-16 19:58:37'),
(1330, 2, '2018470', '2020-03-16 19:58:37'),
(1331, 2, '2018471', '2020-03-16 19:58:37'),
(1332, 2, '2018472', '2020-03-16 19:58:37'),
(1333, 2, '2018473', '2020-03-16 19:58:37'),
(1334, 2, '2018474', '2020-03-16 19:58:37'),
(1335, 2, '2018475', '2020-03-16 19:58:37'),
(1336, 2, '2018476', '2020-03-16 19:58:37'),
(1337, 2, '2018477', '2020-03-16 19:58:37'),
(1338, 2, '2018478', '2020-03-16 19:58:37'),
(1339, 2, '2018479', '2020-03-16 19:58:37'),
(1340, 2, '2018480', '2020-03-16 19:58:37'),
(1341, 2, '2018481', '2020-03-16 19:58:37'),
(1342, 2, '2018482', '2020-03-16 19:58:37'),
(1343, 2, '2018483', '2020-03-16 19:58:37'),
(1344, 2, '2018484', '2020-03-16 19:58:37'),
(1345, 2, '2018485', '2020-03-16 19:58:37'),
(1346, 2, '2018486', '2020-03-16 19:58:37'),
(1347, 2, '2018487', '2020-03-16 19:58:37'),
(1348, 2, '2018488', '2020-03-16 19:58:37'),
(1349, 2, '2018489', '2020-03-16 19:58:37'),
(1350, 2, '2018490', '2020-03-16 19:58:37'),
(1351, 4, '20181', '2020-03-16 19:59:13'),
(1352, 4, '20182', '2020-03-16 19:59:13'),
(1353, 4, '20183', '2020-03-16 19:59:13'),
(1354, 4, '20184', '2020-03-16 19:59:13'),
(1355, 4, '20185', '2020-03-16 19:59:13'),
(1356, 4, '20186', '2020-03-16 19:59:13'),
(1357, 4, '20187', '2020-03-16 19:59:13'),
(1358, 4, '20188', '2020-03-16 19:59:13'),
(1359, 4, '20189', '2020-03-16 19:59:13'),
(1360, 4, '201810', '2020-03-16 19:59:13'),
(1361, 4, '201811', '2020-03-16 19:59:13'),
(1362, 4, '201812', '2020-03-16 19:59:13'),
(1363, 4, '201813', '2020-03-16 19:59:13'),
(1364, 4, '201814', '2020-03-16 19:59:13'),
(1365, 4, '201815', '2020-03-16 19:59:13'),
(1366, 4, '201816', '2020-03-16 19:59:13'),
(1367, 4, '201817', '2020-03-16 19:59:13'),
(1368, 4, '201818', '2020-03-16 19:59:13'),
(1369, 4, '201819', '2020-03-16 19:59:13'),
(1370, 4, '201820', '2020-03-16 19:59:13'),
(1371, 4, '201821', '2020-03-16 19:59:13'),
(1372, 4, '201822', '2020-03-16 19:59:13'),
(1373, 4, '201823', '2020-03-16 19:59:13'),
(1374, 4, '201824', '2020-03-16 19:59:13'),
(1375, 4, '201825', '2020-03-16 19:59:13'),
(1376, 4, '201826', '2020-03-16 19:59:13'),
(1377, 4, '201827', '2020-03-16 19:59:13'),
(1378, 4, '201828', '2020-03-16 19:59:13'),
(1379, 4, '201829', '2020-03-16 19:59:13'),
(1380, 4, '201830', '2020-03-16 19:59:13'),
(1381, 4, '201831', '2020-03-16 19:59:13'),
(1382, 4, '201832', '2020-03-16 19:59:13'),
(1383, 4, '201833', '2020-03-16 19:59:13'),
(1384, 4, '201834', '2020-03-16 19:59:13'),
(1385, 4, '201835', '2020-03-16 19:59:13'),
(1386, 4, '201836', '2020-03-16 19:59:13'),
(1387, 4, '201837', '2020-03-16 19:59:13'),
(1388, 4, '201838', '2020-03-16 19:59:13'),
(1389, 4, '201839', '2020-03-16 19:59:13'),
(1390, 4, '201840', '2020-03-16 19:59:13'),
(1391, 4, '201851', '2020-03-16 19:59:13'),
(1392, 4, '201852', '2020-03-16 19:59:13'),
(1393, 4, '201853', '2020-03-16 19:59:13'),
(1394, 4, '201854', '2020-03-16 19:59:13'),
(1395, 4, '201855', '2020-03-16 19:59:13'),
(1396, 4, '201856', '2020-03-16 19:59:13'),
(1397, 4, '201857', '2020-03-16 19:59:13'),
(1398, 4, '201858', '2020-03-16 19:59:13'),
(1399, 4, '201859', '2020-03-16 19:59:13'),
(1400, 4, '201860', '2020-03-16 19:59:13'),
(1401, 4, '201861', '2020-03-16 19:59:13'),
(1402, 4, '201862', '2020-03-16 19:59:13'),
(1403, 4, '201863', '2020-03-16 19:59:13'),
(1404, 4, '201864', '2020-03-16 19:59:13'),
(1405, 4, '201865', '2020-03-16 19:59:13'),
(1406, 4, '201866', '2020-03-16 19:59:13'),
(1407, 4, '201867', '2020-03-16 19:59:13'),
(1408, 4, '201868', '2020-03-16 19:59:13'),
(1409, 4, '201869', '2020-03-16 19:59:13'),
(1410, 4, '201870', '2020-03-16 19:59:13'),
(1411, 4, '201871', '2020-03-16 19:59:13'),
(1412, 4, '201872', '2020-03-16 19:59:13'),
(1413, 4, '201873', '2020-03-16 19:59:13'),
(1414, 4, '201874', '2020-03-16 19:59:13'),
(1415, 4, '201875', '2020-03-16 19:59:13'),
(1416, 4, '201876', '2020-03-16 19:59:13'),
(1417, 4, '201877', '2020-03-16 19:59:13'),
(1418, 4, '201878', '2020-03-16 19:59:13'),
(1419, 4, '201879', '2020-03-16 19:59:13'),
(1420, 4, '201880', '2020-03-16 19:59:13'),
(1421, 4, '201881', '2020-03-16 19:59:13'),
(1422, 4, '201882', '2020-03-16 19:59:13'),
(1423, 4, '201883', '2020-03-16 19:59:13'),
(1424, 4, '201884', '2020-03-16 19:59:13'),
(1425, 4, '201885', '2020-03-16 19:59:13'),
(1426, 4, '201886', '2020-03-16 19:59:13'),
(1427, 4, '201887', '2020-03-16 19:59:13'),
(1428, 4, '201888', '2020-03-16 19:59:13'),
(1429, 4, '201889', '2020-03-16 19:59:13'),
(1430, 4, '201890', '2020-03-16 19:59:13'),
(1431, 4, '2018101', '2020-03-16 19:59:13'),
(1432, 4, '2018102', '2020-03-16 19:59:13'),
(1433, 4, '2018103', '2020-03-16 19:59:13'),
(1434, 4, '2018104', '2020-03-16 19:59:13'),
(1435, 4, '2018105', '2020-03-16 19:59:13'),
(1436, 4, '2018106', '2020-03-16 19:59:13'),
(1437, 4, '2018107', '2020-03-16 19:59:13'),
(1438, 4, '2018108', '2020-03-16 19:59:13'),
(1439, 4, '2018109', '2020-03-16 19:59:13'),
(1440, 4, '2018110', '2020-03-16 19:59:13'),
(1441, 4, '2018111', '2020-03-16 19:59:13'),
(1442, 4, '2018112', '2020-03-16 19:59:13'),
(1443, 4, '2018113', '2020-03-16 19:59:13'),
(1444, 4, '2018114', '2020-03-16 19:59:13'),
(1445, 4, '2018115', '2020-03-16 19:59:13'),
(1446, 4, '2018116', '2020-03-16 19:59:13'),
(1447, 4, '2018117', '2020-03-16 19:59:13'),
(1448, 4, '2018118', '2020-03-16 19:59:13'),
(1449, 4, '2018119', '2020-03-16 19:59:13'),
(1450, 4, '2018120', '2020-03-16 19:59:13'),
(1451, 4, '2018121', '2020-03-16 19:59:13'),
(1452, 4, '2018122', '2020-03-16 19:59:13'),
(1453, 4, '2018123', '2020-03-16 19:59:13'),
(1454, 4, '2018124', '2020-03-16 19:59:13'),
(1455, 4, '2018125', '2020-03-16 19:59:13'),
(1456, 4, '2018126', '2020-03-16 19:59:13'),
(1457, 4, '2018127', '2020-03-16 19:59:13'),
(1458, 4, '2018128', '2020-03-16 19:59:13'),
(1459, 4, '2018129', '2020-03-16 19:59:13'),
(1460, 4, '2018130', '2020-03-16 19:59:13'),
(1461, 4, '2018131', '2020-03-16 19:59:13'),
(1462, 4, '2018132', '2020-03-16 19:59:13'),
(1463, 4, '2018133', '2020-03-16 19:59:13'),
(1464, 4, '2018134', '2020-03-16 19:59:13'),
(1465, 4, '2018135', '2020-03-16 19:59:13'),
(1466, 4, '2018136', '2020-03-16 19:59:13'),
(1467, 4, '2018137', '2020-03-16 19:59:13'),
(1468, 4, '2018138', '2020-03-16 19:59:13'),
(1469, 4, '2018139', '2020-03-16 19:59:13'),
(1470, 4, '2018140', '2020-03-16 19:59:13'),
(1471, 4, '2018151', '2020-03-16 19:59:13'),
(1472, 4, '2018152', '2020-03-16 19:59:13'),
(1473, 4, '2018153', '2020-03-16 19:59:13'),
(1474, 4, '2018154', '2020-03-16 19:59:13'),
(1475, 4, '2018155', '2020-03-16 19:59:13'),
(1476, 4, '2018156', '2020-03-16 19:59:13'),
(1477, 4, '2018157', '2020-03-16 19:59:13'),
(1478, 4, '2018158', '2020-03-16 19:59:13'),
(1479, 4, '2018159', '2020-03-16 19:59:13'),
(1480, 4, '2018160', '2020-03-16 19:59:13'),
(1481, 4, '2018161', '2020-03-16 19:59:13'),
(1482, 4, '2018162', '2020-03-16 19:59:13'),
(1483, 4, '2018163', '2020-03-16 19:59:13'),
(1484, 4, '2018164', '2020-03-16 19:59:13'),
(1485, 4, '2018165', '2020-03-16 19:59:13'),
(1486, 4, '2018166', '2020-03-16 19:59:13'),
(1487, 4, '2018167', '2020-03-16 19:59:13'),
(1488, 4, '2018168', '2020-03-16 19:59:13'),
(1489, 4, '2018169', '2020-03-16 19:59:13'),
(1490, 4, '2018170', '2020-03-16 19:59:13'),
(1491, 4, '2018171', '2020-03-16 19:59:13'),
(1492, 4, '2018172', '2020-03-16 19:59:13'),
(1493, 4, '2018173', '2020-03-16 19:59:13'),
(1494, 4, '2018174', '2020-03-16 19:59:13'),
(1495, 4, '2018175', '2020-03-16 19:59:13'),
(1496, 4, '2018176', '2020-03-16 19:59:13'),
(1497, 4, '2018177', '2020-03-16 19:59:13'),
(1498, 4, '2018178', '2020-03-16 19:59:13'),
(1499, 4, '2018179', '2020-03-16 19:59:13'),
(1500, 4, '2018180', '2020-03-16 19:59:13'),
(1501, 4, '2018181', '2020-03-16 19:59:13'),
(1502, 4, '2018182', '2020-03-16 19:59:13'),
(1503, 4, '2018183', '2020-03-16 19:59:13'),
(1504, 4, '2018184', '2020-03-16 19:59:13'),
(1505, 4, '2018185', '2020-03-16 19:59:13'),
(1506, 4, '2018186', '2020-03-16 19:59:13'),
(1507, 4, '2018187', '2020-03-16 19:59:13'),
(1508, 4, '2018188', '2020-03-16 19:59:13'),
(1509, 4, '2018189', '2020-03-16 19:59:13'),
(1510, 4, '2018190', '2020-03-16 19:59:13'),
(1511, 4, '2018201', '2020-03-16 19:59:13'),
(1512, 4, '2018202', '2020-03-16 19:59:13'),
(1513, 4, '2018203', '2020-03-16 19:59:13'),
(1514, 4, '2018204', '2020-03-16 19:59:13'),
(1515, 4, '2018205', '2020-03-16 19:59:13'),
(1516, 4, '2018206', '2020-03-16 19:59:13'),
(1517, 4, '2018207', '2020-03-16 19:59:13'),
(1518, 4, '2018208', '2020-03-16 19:59:13'),
(1519, 4, '2018209', '2020-03-16 19:59:13'),
(1520, 4, '2018210', '2020-03-16 19:59:13'),
(1521, 4, '2018211', '2020-03-16 19:59:13'),
(1522, 4, '2018212', '2020-03-16 19:59:13'),
(1523, 4, '2018213', '2020-03-16 19:59:13'),
(1524, 4, '2018214', '2020-03-16 19:59:13'),
(1525, 4, '2018215', '2020-03-16 19:59:13'),
(1526, 4, '2018216', '2020-03-16 19:59:13'),
(1527, 4, '2018217', '2020-03-16 19:59:13'),
(1528, 4, '2018218', '2020-03-16 19:59:13'),
(1529, 4, '2018219', '2020-03-16 19:59:13'),
(1530, 4, '2018220', '2020-03-16 19:59:13'),
(1531, 4, '2018221', '2020-03-16 19:59:13'),
(1532, 4, '2018222', '2020-03-16 19:59:13'),
(1533, 4, '2018223', '2020-03-16 19:59:13'),
(1534, 4, '2018224', '2020-03-16 19:59:13'),
(1535, 4, '2018225', '2020-03-16 19:59:13'),
(1536, 4, '2018226', '2020-03-16 19:59:13'),
(1537, 4, '2018227', '2020-03-16 19:59:13'),
(1538, 4, '2018228', '2020-03-16 19:59:13'),
(1539, 4, '2018229', '2020-03-16 19:59:13'),
(1540, 4, '2018230', '2020-03-16 19:59:13'),
(1541, 4, '2018231', '2020-03-16 19:59:13'),
(1542, 4, '2018232', '2020-03-16 19:59:13'),
(1543, 4, '2018233', '2020-03-16 19:59:13'),
(1544, 4, '2018234', '2020-03-16 19:59:13'),
(1545, 4, '2018235', '2020-03-16 19:59:13'),
(1546, 4, '2018236', '2020-03-16 19:59:13'),
(1547, 4, '2018237', '2020-03-16 19:59:13'),
(1548, 4, '2018238', '2020-03-16 19:59:13'),
(1549, 4, '2018239', '2020-03-16 19:59:13'),
(1550, 4, '2018240', '2020-03-16 19:59:13'),
(1551, 4, '2018251', '2020-03-16 19:59:13'),
(1552, 4, '2018252', '2020-03-16 19:59:13'),
(1553, 4, '2018253', '2020-03-16 19:59:13'),
(1554, 4, '2018254', '2020-03-16 19:59:13'),
(1555, 4, '2018255', '2020-03-16 19:59:13'),
(1556, 4, '2018256', '2020-03-16 19:59:13'),
(1557, 4, '2018257', '2020-03-16 19:59:13'),
(1558, 4, '2018258', '2020-03-16 19:59:13'),
(1559, 4, '2018259', '2020-03-16 19:59:13'),
(1560, 4, '2018260', '2020-03-16 19:59:13'),
(1561, 4, '2018261', '2020-03-16 19:59:13'),
(1562, 4, '2018262', '2020-03-16 19:59:13'),
(1563, 4, '2018263', '2020-03-16 19:59:13'),
(1564, 4, '2018264', '2020-03-16 19:59:13'),
(1565, 4, '2018265', '2020-03-16 19:59:13'),
(1566, 4, '2018266', '2020-03-16 19:59:13'),
(1567, 4, '2018267', '2020-03-16 19:59:13'),
(1568, 4, '2018268', '2020-03-16 19:59:13'),
(1569, 4, '2018269', '2020-03-16 19:59:13'),
(1570, 4, '2018270', '2020-03-16 19:59:13'),
(1571, 4, '2018271', '2020-03-16 19:59:13'),
(1572, 4, '2018272', '2020-03-16 19:59:13'),
(1573, 4, '2018273', '2020-03-16 19:59:13'),
(1574, 4, '2018274', '2020-03-16 19:59:13'),
(1575, 4, '2018275', '2020-03-16 19:59:13'),
(1576, 4, '2018276', '2020-03-16 19:59:13'),
(1577, 4, '2018277', '2020-03-16 19:59:13'),
(1578, 4, '2018278', '2020-03-16 19:59:13'),
(1579, 4, '2018279', '2020-03-16 19:59:13'),
(1580, 4, '2018280', '2020-03-16 19:59:13'),
(1581, 4, '2018281', '2020-03-16 19:59:13'),
(1582, 4, '2018282', '2020-03-16 19:59:13'),
(1583, 4, '2018283', '2020-03-16 19:59:13'),
(1584, 4, '2018284', '2020-03-16 19:59:13'),
(1585, 4, '2018285', '2020-03-16 19:59:13'),
(1586, 4, '2018286', '2020-03-16 19:59:13'),
(1587, 4, '2018287', '2020-03-16 19:59:13'),
(1588, 4, '2018288', '2020-03-16 19:59:13'),
(1589, 4, '2018289', '2020-03-16 19:59:13'),
(1590, 4, '2018290', '2020-03-16 19:59:13'),
(1591, 4, '2018301', '2020-03-16 19:59:13'),
(1592, 4, '2018302', '2020-03-16 19:59:13'),
(1593, 4, '2018303', '2020-03-16 19:59:13'),
(1594, 4, '2018304', '2020-03-16 19:59:13'),
(1595, 4, '2018305', '2020-03-16 19:59:13'),
(1596, 4, '2018306', '2020-03-16 19:59:13'),
(1597, 4, '2018307', '2020-03-16 19:59:13'),
(1598, 4, '2018308', '2020-03-16 19:59:13'),
(1599, 4, '2018309', '2020-03-16 19:59:13'),
(1600, 4, '2018310', '2020-03-16 19:59:13'),
(1601, 4, '2018311', '2020-03-16 19:59:13'),
(1602, 4, '2018312', '2020-03-16 19:59:13'),
(1603, 4, '2018313', '2020-03-16 19:59:13'),
(1604, 4, '2018314', '2020-03-16 19:59:13'),
(1605, 4, '2018315', '2020-03-16 19:59:13'),
(1606, 4, '2018316', '2020-03-16 19:59:13'),
(1607, 4, '2018317', '2020-03-16 19:59:13'),
(1608, 4, '2018318', '2020-03-16 19:59:13'),
(1609, 4, '2018319', '2020-03-16 19:59:13'),
(1610, 4, '2018320', '2020-03-16 19:59:13'),
(1611, 4, '2018321', '2020-03-16 19:59:13'),
(1612, 4, '2018322', '2020-03-16 19:59:13'),
(1613, 4, '2018323', '2020-03-16 19:59:13'),
(1614, 4, '2018324', '2020-03-16 19:59:13'),
(1615, 4, '2018325', '2020-03-16 19:59:13'),
(1616, 4, '2018326', '2020-03-16 19:59:13'),
(1617, 4, '2018327', '2020-03-16 19:59:13'),
(1618, 4, '2018328', '2020-03-16 19:59:13'),
(1619, 4, '2018329', '2020-03-16 19:59:13'),
(1620, 4, '2018330', '2020-03-16 19:59:13'),
(1621, 4, '2018331', '2020-03-16 19:59:13'),
(1622, 4, '2018332', '2020-03-16 19:59:13'),
(1623, 4, '2018333', '2020-03-16 19:59:13'),
(1624, 4, '2018334', '2020-03-16 19:59:13'),
(1625, 4, '2018335', '2020-03-16 19:59:13'),
(1626, 4, '2018336', '2020-03-16 19:59:13'),
(1627, 4, '2018337', '2020-03-16 19:59:13'),
(1628, 4, '2018338', '2020-03-16 19:59:13'),
(1629, 4, '2018339', '2020-03-16 19:59:13'),
(1630, 4, '2018340', '2020-03-16 19:59:13'),
(1631, 4, '2018351', '2020-03-16 19:59:13'),
(1632, 4, '2018352', '2020-03-16 19:59:13'),
(1633, 4, '2018353', '2020-03-16 19:59:13'),
(1634, 4, '2018354', '2020-03-16 19:59:13'),
(1635, 4, '2018355', '2020-03-16 19:59:13'),
(1636, 4, '2018356', '2020-03-16 19:59:13'),
(1637, 4, '2018357', '2020-03-16 19:59:13'),
(1638, 4, '2018358', '2020-03-16 19:59:13'),
(1639, 4, '2018359', '2020-03-16 19:59:13'),
(1640, 4, '2018360', '2020-03-16 19:59:13'),
(1641, 4, '2018361', '2020-03-16 19:59:13'),
(1642, 4, '2018362', '2020-03-16 19:59:13'),
(1643, 4, '2018363', '2020-03-16 19:59:13'),
(1644, 4, '2018364', '2020-03-16 19:59:13'),
(1645, 4, '2018365', '2020-03-16 19:59:13'),
(1646, 4, '2018366', '2020-03-16 19:59:13'),
(1647, 4, '2018367', '2020-03-16 19:59:13'),
(1648, 4, '2018368', '2020-03-16 19:59:13'),
(1649, 4, '2018369', '2020-03-16 19:59:13'),
(1650, 4, '2018370', '2020-03-16 19:59:13'),
(1651, 4, '2018371', '2020-03-16 19:59:13'),
(1652, 4, '2018372', '2020-03-16 19:59:13'),
(1653, 4, '2018373', '2020-03-16 19:59:13'),
(1654, 4, '2018374', '2020-03-16 19:59:13'),
(1655, 4, '2018375', '2020-03-16 19:59:13'),
(1656, 4, '2018376', '2020-03-16 19:59:13'),
(1657, 4, '2018377', '2020-03-16 19:59:13'),
(1658, 4, '2018378', '2020-03-16 19:59:13'),
(1659, 4, '2018379', '2020-03-16 19:59:13'),
(1660, 4, '2018380', '2020-03-16 19:59:13'),
(1661, 4, '2018381', '2020-03-16 19:59:13'),
(1662, 4, '2018382', '2020-03-16 19:59:13'),
(1663, 4, '2018383', '2020-03-16 19:59:13'),
(1664, 4, '2018384', '2020-03-16 19:59:13'),
(1665, 4, '2018385', '2020-03-16 19:59:13'),
(1666, 4, '2018386', '2020-03-16 19:59:13'),
(1667, 4, '2018387', '2020-03-16 19:59:13'),
(1668, 4, '2018388', '2020-03-16 19:59:13'),
(1669, 4, '2018389', '2020-03-16 19:59:13'),
(1670, 4, '2018390', '2020-03-16 19:59:13'),
(1671, 4, '2018401', '2020-03-16 19:59:13'),
(1672, 4, '2018402', '2020-03-16 19:59:13'),
(1673, 4, '2018403', '2020-03-16 19:59:13'),
(1674, 4, '2018404', '2020-03-16 19:59:13'),
(1675, 4, '2018405', '2020-03-16 19:59:13'),
(1676, 4, '2018406', '2020-03-16 19:59:13'),
(1677, 4, '2018407', '2020-03-16 19:59:13'),
(1678, 4, '2018408', '2020-03-16 19:59:13'),
(1679, 4, '2018409', '2020-03-16 19:59:13'),
(1680, 4, '2018410', '2020-03-16 19:59:13'),
(1681, 4, '2018411', '2020-03-16 19:59:13'),
(1682, 4, '2018412', '2020-03-16 19:59:13'),
(1683, 4, '2018413', '2020-03-16 19:59:13'),
(1684, 4, '2018414', '2020-03-16 19:59:13'),
(1685, 4, '2018415', '2020-03-16 19:59:13'),
(1686, 4, '2018416', '2020-03-16 19:59:13'),
(1687, 4, '2018417', '2020-03-16 19:59:13'),
(1688, 4, '2018418', '2020-03-16 19:59:13'),
(1689, 4, '2018419', '2020-03-16 19:59:13'),
(1690, 4, '2018420', '2020-03-16 19:59:13'),
(1691, 4, '2018421', '2020-03-16 19:59:13'),
(1692, 4, '2018422', '2020-03-16 19:59:13'),
(1693, 4, '2018423', '2020-03-16 19:59:13'),
(1694, 4, '2018424', '2020-03-16 19:59:13'),
(1695, 4, '2018425', '2020-03-16 19:59:13'),
(1696, 4, '2018426', '2020-03-16 19:59:13'),
(1697, 4, '2018427', '2020-03-16 19:59:13'),
(1698, 4, '2018428', '2020-03-16 19:59:13'),
(1699, 4, '2018429', '2020-03-16 19:59:13'),
(1700, 4, '2018430', '2020-03-16 19:59:13'),
(1701, 4, '2018431', '2020-03-16 19:59:13'),
(1702, 4, '2018432', '2020-03-16 19:59:13'),
(1703, 4, '2018433', '2020-03-16 19:59:13'),
(1704, 4, '2018434', '2020-03-16 19:59:13'),
(1705, 4, '2018435', '2020-03-16 19:59:13'),
(1706, 4, '2018436', '2020-03-16 19:59:13'),
(1707, 4, '2018437', '2020-03-16 19:59:13'),
(1708, 4, '2018438', '2020-03-16 19:59:13'),
(1709, 4, '2018439', '2020-03-16 19:59:13'),
(1710, 4, '2018440', '2020-03-16 19:59:13'),
(1711, 4, '2018451', '2020-03-16 19:59:13'),
(1712, 4, '2018452', '2020-03-16 19:59:13'),
(1713, 4, '2018453', '2020-03-16 19:59:13'),
(1714, 4, '2018454', '2020-03-16 19:59:13'),
(1715, 4, '2018455', '2020-03-16 19:59:13'),
(1716, 4, '2018456', '2020-03-16 19:59:13'),
(1717, 4, '2018457', '2020-03-16 19:59:13'),
(1718, 4, '2018458', '2020-03-16 19:59:13'),
(1719, 4, '2018459', '2020-03-16 19:59:13'),
(1720, 4, '2018460', '2020-03-16 19:59:13'),
(1721, 4, '2018461', '2020-03-16 19:59:13'),
(1722, 4, '2018462', '2020-03-16 19:59:13'),
(1723, 4, '2018463', '2020-03-16 19:59:13'),
(1724, 4, '2018464', '2020-03-16 19:59:13'),
(1725, 4, '2018465', '2020-03-16 19:59:13'),
(1726, 4, '2018466', '2020-03-16 19:59:13'),
(1727, 4, '2018467', '2020-03-16 19:59:13');
INSERT INTO `tbl_absen` (`id_absen`, `id_acara`, `id_siswa`, `waktu_absensi`) VALUES
(1728, 4, '2018468', '2020-03-16 19:59:13'),
(1729, 4, '2018469', '2020-03-16 19:59:13'),
(1730, 4, '2018470', '2020-03-16 19:59:13'),
(1731, 4, '2018471', '2020-03-16 19:59:13'),
(1732, 4, '2018472', '2020-03-16 19:59:13'),
(1733, 4, '2018473', '2020-03-16 19:59:13'),
(1734, 4, '2018474', '2020-03-16 19:59:13'),
(1735, 4, '2018475', '2020-03-16 19:59:13'),
(1736, 4, '2018476', '2020-03-16 19:59:13'),
(1737, 4, '2018477', '2020-03-16 19:59:13'),
(1738, 4, '2018478', '2020-03-16 19:59:13'),
(1739, 4, '2018479', '2020-03-16 19:59:13'),
(1740, 4, '2018480', '2020-03-16 19:59:13'),
(1741, 4, '2018481', '2020-03-16 19:59:13'),
(1742, 4, '2018482', '2020-03-16 19:59:13'),
(1743, 4, '2018483', '2020-03-16 19:59:13'),
(1744, 4, '2018484', '2020-03-16 19:59:13'),
(1745, 4, '2018485', '2020-03-16 19:59:13'),
(1746, 4, '2018486', '2020-03-16 19:59:13'),
(1747, 4, '2018487', '2020-03-16 19:59:13'),
(1748, 4, '2018488', '2020-03-16 19:59:13'),
(1749, 4, '2018489', '2020-03-16 19:59:13'),
(1750, 4, '2018490', '2020-03-16 19:59:13');

-- --------------------------------------------------------

--
-- Table structure for table `tbl_absensi_ami`
--

CREATE TABLE `tbl_absensi_ami` (
  `id_absensi_ami` int(10) UNSIGNED NOT NULL,
  `id_jampel` int(2) UNSIGNED NOT NULL,
  `id_acara` int(10) UNSIGNED DEFAULT NULL,
  `id_siswa` varchar(10) NOT NULL,
  `kehadiran` tinyint(1) NOT NULL,
  `kerapihan` tinyint(1) NOT NULL,
  `kebersihan` tinyint(1) NOT NULL
) ENGINE=InnoDB DEFAULT CHARSET=latin1;

--
-- Dumping data for table `tbl_absensi_ami`
--

INSERT INTO `tbl_absensi_ami` (`id_absensi_ami`, `id_jampel`, `id_acara`, `id_siswa`, `kehadiran`, `kerapihan`, `kebersihan`) VALUES
(1, 1, 3, '20181', 1, 1, 1),
(2, 1, 3, '20182', 1, 1, 1),
(3, 1, 3, '20183', 1, 1, 1),
(4, 1, 3, '20184', 1, 1, 1),
(5, 1, 3, '20185', 1, 1, 1),
(6, 1, 3, '20186', 1, 1, 1),
(7, 1, 3, '20187', 1, 1, 1),
(8, 1, 3, '20188', 1, 1, 1),
(9, 1, 3, '20189', 1, 1, 1),
(10, 1, 3, '201810', 1, 1, 1),
(11, 1, 3, '201811', 1, 1, 1),
(12, 1, 3, '201812', 1, 1, 1),
(13, 1, 3, '201813', 1, 1, 1),
(14, 1, 3, '201814', 1, 1, 1),
(15, 1, 3, '201815', 1, 1, 1),
(16, 1, 3, '201816', 1, 1, 1),
(17, 1, 3, '201817', 1, 1, 1),
(18, 1, 3, '201818', 1, 1, 1),
(19, 1, 3, '201819', 1, 1, 1),
(20, 1, 3, '201820', 1, 1, 1),
(21, 1, 3, '201821', 1, 1, 1),
(22, 1, 3, '201822', 1, 1, 1),
(23, 1, 3, '201823', 1, 1, 1),
(24, 1, 3, '201824', 1, 1, 1),
(25, 1, 3, '201825', 1, 1, 1),
(26, 1, 3, '201826', 1, 1, 1),
(27, 1, 3, '201827', 1, 1, 1),
(28, 1, 3, '201828', 1, 1, 1),
(29, 1, 3, '201829', 1, 1, 1),
(30, 1, 3, '201830', 1, 1, 1),
(31, 1, 3, '201831', 1, 1, 1),
(32, 1, 3, '201832', 1, 1, 1),
(33, 1, 3, '201833', 1, 1, 1),
(34, 1, 3, '201834', 1, 1, 1),
(35, 1, 3, '201835', 1, 1, 1),
(36, 1, 3, '201836', 1, 1, 1),
(37, 1, 3, '201837', 1, 1, 1),
(38, 1, 3, '201838', 1, 1, 1),
(39, 1, 3, '201839', 1, 1, 1),
(40, 1, 3, '201840', 1, 1, 1),
(41, 1, 3, '201851', 1, 1, 1),
(42, 1, 3, '201852', 1, 1, 1),
(43, 1, 3, '201853', 1, 1, 1),
(44, 1, 3, '201854', 1, 1, 1),
(45, 1, 3, '201855', 1, 1, 1),
(46, 1, 3, '201856', 1, 1, 1),
(47, 1, 3, '201857', 1, 1, 1),
(48, 1, 3, '201858', 1, 1, 1),
(49, 1, 3, '201859', 1, 1, 1),
(50, 1, 3, '201860', 1, 1, 1),
(51, 1, 3, '201861', 1, 1, 1),
(52, 1, 3, '201862', 1, 1, 1),
(53, 1, 3, '201863', 1, 1, 1),
(54, 1, 3, '201864', 1, 1, 1),
(55, 1, 3, '201865', 1, 1, 1),
(56, 1, 3, '201866', 1, 1, 1),
(57, 1, 3, '201867', 1, 1, 1),
(58, 1, 3, '201868', 1, 1, 1),
(59, 1, 3, '201869', 1, 1, 1),
(60, 1, 3, '201870', 1, 1, 1),
(61, 1, 3, '201871', 1, 1, 1),
(62, 1, 3, '201872', 1, 1, 1),
(63, 1, 3, '201873', 1, 1, 1),
(64, 1, 3, '201874', 1, 1, 1),
(65, 1, 3, '201875', 1, 1, 1),
(66, 1, 3, '201876', 1, 1, 1),
(67, 1, 3, '201877', 1, 1, 1),
(68, 1, 3, '201878', 1, 1, 1),
(69, 1, 3, '201879', 1, 1, 1),
(70, 1, 3, '201880', 1, 1, 1),
(71, 1, 3, '201881', 1, 1, 1),
(72, 1, 3, '201882', 1, 1, 1),
(73, 1, 3, '201883', 1, 1, 1),
(74, 1, 3, '201884', 1, 1, 1),
(75, 1, 3, '201885', 1, 1, 1),
(76, 1, 3, '201886', 1, 1, 1),
(77, 1, 3, '201887', 1, 1, 1),
(78, 1, 3, '201888', 1, 1, 1),
(79, 1, 3, '201889', 1, 1, 1),
(80, 1, 3, '201890', 1, 1, 1),
(81, 1, 3, '2018101', 1, 1, 1),
(82, 1, 3, '2018102', 1, 1, 1),
(83, 1, 3, '2018103', 1, 1, 1),
(84, 1, 3, '2018104', 1, 1, 1),
(85, 1, 3, '2018105', 1, 1, 1),
(86, 1, 3, '2018106', 1, 1, 1),
(87, 1, 3, '2018107', 1, 1, 1),
(88, 1, 3, '2018108', 1, 1, 1),
(89, 1, 3, '2018109', 1, 1, 1),
(90, 1, 3, '2018110', 1, 1, 1),
(91, 1, 3, '2018111', 1, 1, 1),
(92, 1, 3, '2018112', 1, 1, 1),
(93, 1, 3, '2018113', 1, 1, 1),
(94, 1, 3, '2018114', 1, 1, 1),
(95, 1, 3, '2018115', 1, 1, 1),
(96, 1, 3, '2018116', 1, 1, 1),
(97, 1, 3, '2018117', 1, 1, 1),
(98, 1, 3, '2018118', 1, 1, 1),
(99, 1, 3, '2018119', 1, 1, 1),
(100, 1, 3, '2018120', 1, 1, 1),
(101, 1, 3, '2018121', 1, 1, 1),
(102, 1, 3, '2018122', 1, 1, 1),
(103, 1, 3, '2018123', 1, 1, 1),
(104, 1, 3, '2018124', 1, 1, 1),
(105, 1, 3, '2018125', 1, 1, 1),
(106, 1, 3, '2018126', 1, 1, 1),
(107, 1, 3, '2018127', 1, 1, 1),
(108, 1, 3, '2018128', 1, 1, 1),
(109, 1, 3, '2018129', 1, 1, 1),
(110, 1, 3, '2018130', 1, 1, 1),
(111, 1, 3, '2018131', 1, 1, 1),
(112, 1, 3, '2018132', 1, 1, 1),
(113, 1, 3, '2018133', 1, 1, 1),
(114, 1, 3, '2018134', 1, 1, 1),
(115, 1, 3, '2018135', 1, 1, 1),
(116, 1, 3, '2018136', 1, 1, 1),
(117, 1, 3, '2018137', 1, 1, 1),
(118, 1, 3, '2018138', 1, 1, 1),
(119, 1, 3, '2018139', 1, 1, 1),
(120, 1, 3, '2018140', 1, 1, 1),
(121, 1, 3, '2018151', 1, 1, 1),
(122, 1, 3, '2018152', 1, 1, 1),
(123, 1, 3, '2018153', 1, 1, 1),
(124, 1, 3, '2018154', 1, 1, 1),
(125, 1, 3, '2018155', 1, 1, 1),
(126, 1, 3, '2018156', 1, 1, 1),
(127, 1, 3, '2018157', 1, 1, 1),
(128, 1, 3, '2018158', 1, 1, 1),
(129, 1, 3, '2018159', 1, 1, 1),
(130, 1, 3, '2018160', 1, 1, 1),
(131, 1, 3, '2018161', 1, 1, 1),
(132, 1, 3, '2018162', 1, 1, 1),
(133, 1, 3, '2018163', 1, 1, 1),
(134, 1, 3, '2018164', 1, 1, 1),
(135, 1, 3, '2018165', 1, 1, 1),
(136, 1, 3, '2018166', 1, 1, 1),
(137, 1, 3, '2018167', 1, 1, 1),
(138, 1, 3, '2018168', 1, 1, 1),
(139, 1, 3, '2018169', 1, 1, 1),
(140, 1, 3, '2018170', 1, 1, 1),
(141, 1, 3, '2018171', 1, 1, 1),
(142, 1, 3, '2018172', 1, 1, 1),
(143, 1, 3, '2018173', 1, 1, 1),
(144, 1, 3, '2018174', 1, 1, 1),
(145, 1, 3, '2018175', 1, 1, 1),
(146, 1, 3, '2018176', 1, 1, 1),
(147, 1, 3, '2018177', 1, 1, 1),
(148, 1, 3, '2018178', 1, 1, 1),
(149, 1, 3, '2018179', 1, 1, 1),
(150, 1, 3, '2018180', 1, 1, 1),
(151, 1, 3, '2018181', 1, 1, 1),
(152, 1, 3, '2018182', 1, 1, 1),
(153, 1, 3, '2018183', 1, 1, 1),
(154, 1, 3, '2018184', 1, 1, 1),
(155, 1, 3, '2018185', 1, 1, 1),
(156, 1, 3, '2018186', 1, 1, 1),
(157, 1, 3, '2018187', 1, 1, 1),
(158, 1, 3, '2018188', 1, 1, 1),
(159, 1, 3, '2018189', 1, 1, 1),
(160, 1, 3, '2018190', 1, 1, 1),
(161, 1, 3, '2018201', 1, 1, 1),
(162, 1, 3, '2018202', 1, 1, 1),
(163, 1, 3, '2018203', 1, 1, 1),
(164, 1, 3, '2018204', 1, 1, 1),
(165, 1, 3, '2018205', 1, 1, 1),
(166, 1, 3, '2018206', 1, 1, 1),
(167, 1, 3, '2018207', 1, 1, 1),
(168, 1, 3, '2018208', 1, 1, 1),
(169, 1, 3, '2018209', 1, 1, 1),
(170, 1, 3, '2018210', 1, 1, 1),
(171, 1, 3, '2018211', 1, 1, 1),
(172, 1, 3, '2018212', 1, 1, 1),
(173, 1, 3, '2018213', 1, 1, 1),
(174, 1, 3, '2018214', 1, 1, 1),
(175, 1, 3, '2018215', 1, 1, 1),
(176, 1, 3, '2018216', 1, 1, 1),
(177, 1, 3, '2018217', 1, 1, 1),
(178, 1, 3, '2018218', 1, 1, 1),
(179, 1, 3, '2018219', 1, 1, 1),
(180, 1, 3, '2018220', 1, 1, 1),
(181, 1, 3, '2018221', 1, 1, 1),
(182, 1, 3, '2018222', 1, 1, 1),
(183, 1, 3, '2018223', 1, 1, 1),
(184, 1, 3, '2018224', 1, 1, 1),
(185, 1, 3, '2018225', 1, 1, 1),
(186, 1, 3, '2018226', 1, 1, 1),
(187, 1, 3, '2018227', 1, 1, 1),
(188, 1, 3, '2018228', 1, 1, 1),
(189, 1, 3, '2018229', 1, 1, 1),
(190, 1, 3, '2018230', 1, 1, 1),
(191, 1, 3, '2018231', 1, 1, 1),
(192, 1, 3, '2018232', 1, 1, 1),
(193, 1, 3, '2018233', 1, 1, 1),
(194, 1, 3, '2018234', 1, 1, 1),
(195, 1, 3, '2018235', 1, 1, 1),
(196, 1, 3, '2018236', 1, 1, 1),
(197, 1, 3, '2018237', 1, 1, 1),
(198, 1, 3, '2018238', 1, 1, 1),
(199, 1, 3, '2018239', 1, 1, 1),
(200, 1, 3, '2018240', 1, 1, 1),
(201, 1, 3, '2018251', 1, 1, 1),
(202, 1, 3, '2018252', 1, 1, 1),
(203, 1, 3, '2018253', 1, 1, 1),
(204, 1, 3, '2018254', 1, 1, 1),
(205, 1, 3, '2018255', 1, 1, 1),
(206, 1, 3, '2018256', 1, 1, 1),
(207, 1, 3, '2018257', 1, 1, 1),
(208, 1, 3, '2018258', 1, 1, 1),
(209, 1, 3, '2018259', 1, 1, 1),
(210, 1, 3, '2018260', 1, 1, 1),
(211, 1, 3, '2018261', 1, 1, 1),
(212, 1, 3, '2018262', 1, 1, 1),
(213, 1, 3, '2018263', 1, 1, 1),
(214, 1, 3, '2018264', 1, 1, 1),
(215, 1, 3, '2018265', 1, 1, 1),
(216, 1, 3, '2018266', 1, 1, 1),
(217, 1, 3, '2018267', 1, 1, 1),
(218, 1, 3, '2018268', 1, 1, 1),
(219, 1, 3, '2018269', 1, 1, 1),
(220, 1, 3, '2018270', 1, 1, 1),
(221, 1, 3, '2018271', 1, 1, 1),
(222, 1, 3, '2018272', 1, 1, 1),
(223, 1, 3, '2018273', 1, 1, 1),
(224, 1, 3, '2018274', 1, 1, 1),
(225, 1, 3, '2018275', 1, 1, 1),
(226, 1, 3, '2018276', 1, 1, 1),
(227, 1, 3, '2018277', 1, 1, 1),
(228, 1, 3, '2018278', 1, 1, 1),
(229, 1, 3, '2018279', 1, 1, 1),
(230, 1, 3, '2018280', 1, 1, 1),
(231, 1, 3, '2018281', 1, 1, 1),
(232, 1, 3, '2018282', 1, 1, 1),
(233, 1, 3, '2018283', 1, 1, 1),
(234, 1, 3, '2018284', 1, 1, 1),
(235, 1, 3, '2018285', 1, 1, 1),
(236, 1, 3, '2018286', 1, 1, 1),
(237, 1, 3, '2018287', 1, 1, 1),
(238, 1, 3, '2018288', 1, 1, 1),
(239, 1, 3, '2018289', 1, 1, 1),
(240, 1, 3, '2018290', 1, 1, 1),
(241, 1, 3, '2018301', 1, 1, 1),
(242, 1, 3, '2018302', 1, 1, 1),
(243, 1, 3, '2018303', 1, 1, 1),
(244, 1, 3, '2018304', 1, 1, 1),
(245, 1, 3, '2018305', 1, 1, 1),
(246, 1, 3, '2018306', 1, 1, 1),
(247, 1, 3, '2018307', 1, 1, 1),
(248, 1, 3, '2018308', 1, 1, 1),
(249, 1, 3, '2018309', 1, 1, 1),
(250, 1, 3, '2018310', 1, 1, 1),
(251, 1, 3, '2018311', 1, 1, 1),
(252, 1, 3, '2018312', 1, 1, 1),
(253, 1, 3, '2018313', 1, 1, 1),
(254, 1, 3, '2018314', 1, 1, 1),
(255, 1, 3, '2018315', 1, 1, 1),
(256, 1, 3, '2018316', 1, 1, 1),
(257, 1, 3, '2018317', 1, 1, 1),
(258, 1, 3, '2018318', 1, 1, 1),
(259, 1, 3, '2018319', 1, 1, 1),
(260, 1, 3, '2018320', 1, 1, 1),
(261, 1, 3, '2018321', 1, 1, 1),
(262, 1, 3, '2018322', 1, 1, 1),
(263, 1, 3, '2018323', 1, 1, 1),
(264, 1, 3, '2018324', 1, 1, 1),
(265, 1, 3, '2018325', 1, 1, 1),
(266, 1, 3, '2018326', 1, 1, 1),
(267, 1, 3, '2018327', 1, 1, 1),
(268, 1, 3, '2018328', 1, 1, 1),
(269, 1, 3, '2018329', 1, 1, 1),
(270, 1, 3, '2018330', 1, 1, 1),
(271, 1, 3, '2018331', 1, 1, 1),
(272, 1, 3, '2018332', 1, 1, 1),
(273, 1, 3, '2018333', 1, 1, 1),
(274, 1, 3, '2018334', 1, 1, 1),
(275, 1, 3, '2018335', 1, 1, 1),
(276, 1, 3, '2018336', 1, 1, 1),
(277, 1, 3, '2018337', 1, 1, 1),
(278, 1, 3, '2018338', 1, 1, 1),
(279, 1, 3, '2018339', 1, 1, 1),
(280, 1, 3, '2018340', 1, 1, 1),
(281, 1, 3, '2018351', 1, 1, 1),
(282, 1, 3, '2018352', 1, 1, 1),
(283, 1, 3, '2018353', 1, 1, 1),
(284, 1, 3, '2018354', 1, 1, 1),
(285, 1, 3, '2018355', 1, 1, 1),
(286, 1, 3, '2018356', 1, 1, 1),
(287, 1, 3, '2018357', 1, 1, 1),
(288, 1, 3, '2018358', 1, 1, 1),
(289, 1, 3, '2018359', 1, 1, 1),
(290, 1, 3, '2018360', 1, 1, 1),
(291, 1, 3, '2018361', 1, 1, 1),
(292, 1, 3, '2018362', 1, 1, 1),
(293, 1, 3, '2018363', 1, 1, 1),
(294, 1, 3, '2018364', 1, 1, 1),
(295, 1, 3, '2018365', 1, 1, 1),
(296, 1, 3, '2018366', 1, 1, 1),
(297, 1, 3, '2018367', 1, 1, 1),
(298, 1, 3, '2018368', 1, 1, 1),
(299, 1, 3, '2018369', 1, 1, 1),
(300, 1, 3, '2018370', 1, 1, 1),
(301, 1, 3, '2018371', 1, 1, 1),
(302, 1, 3, '2018372', 1, 1, 1),
(303, 1, 3, '2018373', 1, 1, 1),
(304, 1, 3, '2018374', 1, 1, 1),
(305, 1, 3, '2018375', 1, 1, 1),
(306, 1, 3, '2018376', 1, 1, 1),
(307, 1, 3, '2018377', 1, 1, 1),
(308, 1, 3, '2018378', 1, 1, 1),
(309, 1, 3, '2018379', 1, 1, 1),
(310, 1, 3, '2018380', 1, 1, 1),
(311, 1, 3, '2018381', 1, 1, 1),
(312, 1, 3, '2018382', 1, 1, 1),
(313, 1, 3, '2018383', 1, 1, 1),
(314, 1, 3, '2018384', 1, 1, 1),
(315, 1, 3, '2018385', 1, 1, 1),
(316, 1, 3, '2018386', 1, 1, 1),
(317, 1, 3, '2018387', 1, 1, 1),
(318, 1, 3, '2018388', 1, 1, 1),
(319, 1, 3, '2018389', 1, 1, 1),
(320, 1, 3, '2018390', 1, 1, 1),
(321, 1, 3, '2018401', 1, 1, 1),
(322, 1, 3, '2018402', 1, 1, 1),
(323, 1, 3, '2018403', 1, 1, 1),
(324, 1, 3, '2018404', 1, 1, 1),
(325, 1, 3, '2018405', 1, 1, 1),
(326, 1, 3, '2018406', 1, 1, 1),
(327, 1, 3, '2018407', 1, 1, 1),
(328, 1, 3, '2018408', 1, 1, 1),
(329, 1, 3, '2018409', 1, 1, 1),
(330, 1, 3, '2018410', 1, 1, 1),
(331, 1, 3, '2018411', 1, 1, 1),
(332, 1, 3, '2018412', 1, 1, 1),
(333, 1, 3, '2018413', 1, 1, 1),
(334, 1, 3, '2018414', 1, 1, 1),
(335, 1, 3, '2018415', 1, 1, 1),
(336, 1, 3, '2018416', 1, 1, 1),
(337, 1, 3, '2018417', 1, 1, 1),
(338, 1, 3, '2018418', 1, 1, 1),
(339, 1, 3, '2018419', 1, 1, 1),
(340, 1, 3, '2018420', 1, 1, 1),
(341, 1, 3, '2018421', 1, 1, 1),
(342, 1, 3, '2018422', 1, 1, 1),
(343, 1, 3, '2018423', 1, 1, 1),
(344, 1, 3, '2018424', 1, 1, 1),
(345, 1, 3, '2018425', 1, 1, 1),
(346, 1, 3, '2018426', 1, 1, 1),
(347, 1, 3, '2018427', 1, 1, 1),
(348, 1, 3, '2018428', 1, 1, 1),
(349, 1, 3, '2018429', 1, 1, 1),
(350, 1, 3, '2018430', 1, 1, 1),
(351, 1, 3, '2018431', 1, 1, 1),
(352, 1, 3, '2018432', 1, 1, 1),
(353, 1, 3, '2018433', 1, 1, 1),
(354, 1, 3, '2018434', 1, 1, 1),
(355, 1, 3, '2018435', 1, 1, 1),
(356, 1, 3, '2018436', 1, 1, 1),
(357, 1, 3, '2018437', 1, 1, 1),
(358, 1, 3, '2018438', 1, 1, 1),
(359, 1, 3, '2018439', 1, 1, 1),
(360, 1, 3, '2018440', 1, 1, 1),
(361, 1, 3, '2018451', 1, 1, 1),
(362, 1, 3, '2018452', 1, 1, 1),
(363, 1, 3, '2018453', 1, 1, 1),
(364, 1, 3, '2018454', 1, 1, 1),
(365, 1, 3, '2018455', 1, 1, 1),
(366, 1, 3, '2018456', 1, 1, 1),
(367, 1, 3, '2018457', 1, 1, 1),
(368, 1, 3, '2018458', 1, 1, 1),
(369, 1, 3, '2018459', 1, 1, 1),
(370, 1, 3, '2018460', 1, 1, 1),
(371, 1, 3, '2018461', 1, 1, 1),
(372, 1, 3, '2018462', 1, 1, 1),
(373, 1, 3, '2018463', 1, 1, 1),
(374, 1, 3, '2018464', 1, 1, 1),
(375, 1, 3, '2018465', 1, 1, 1),
(376, 1, 3, '2018466', 1, 1, 1),
(377, 1, 3, '2018467', 1, 1, 1),
(378, 1, 3, '2018468', 1, 1, 1),
(379, 1, 3, '2018469', 1, 1, 1),
(380, 1, 3, '2018470', 1, 1, 1),
(381, 1, 3, '2018471', 1, 1, 1),
(382, 1, 3, '2018472', 1, 1, 1),
(383, 1, 3, '2018473', 1, 1, 1),
(384, 1, 3, '2018474', 1, 1, 1),
(385, 1, 3, '2018475', 1, 1, 1),
(386, 1, 3, '2018476', 1, 1, 1),
(387, 1, 3, '2018477', 1, 1, 1),
(388, 1, 3, '2018478', 1, 1, 1),
(389, 1, 3, '2018479', 1, 1, 1),
(390, 1, 3, '2018480', 1, 1, 1),
(391, 1, 3, '2018481', 1, 1, 1),
(392, 1, 3, '2018482', 1, 1, 1),
(393, 1, 3, '2018483', 1, 1, 1),
(394, 1, 3, '2018484', 1, 1, 1),
(395, 1, 3, '2018485', 1, 1, 1),
(396, 1, 3, '2018486', 1, 1, 1),
(397, 1, 3, '2018487', 1, 1, 1),
(398, 1, 3, '2018488', 1, 1, 1),
(399, 1, 3, '2018489', 1, 1, 1),
(400, 1, 3, '2018490', 1, 1, 1),
(401, 2, 3, '20181', 1, 1, 1),
(402, 2, 3, '20182', 1, 1, 1),
(403, 2, 3, '20183', 1, 1, 1),
(404, 2, 3, '20184', 1, 1, 1),
(405, 2, 3, '20185', 1, 1, 1),
(406, 2, 3, '20186', 1, 1, 1),
(407, 2, 3, '20187', 1, 1, 1),
(408, 2, 3, '20188', 1, 1, 1),
(409, 2, 3, '20189', 1, 1, 1),
(410, 2, 3, '201810', 1, 1, 1),
(411, 2, 3, '201811', 1, 1, 1),
(412, 2, 3, '201812', 1, 1, 1),
(413, 2, 3, '201813', 1, 1, 1),
(414, 2, 3, '201814', 1, 1, 1),
(415, 2, 3, '201815', 1, 1, 1),
(416, 2, 3, '201816', 1, 1, 1),
(417, 2, 3, '201817', 1, 1, 1),
(418, 2, 3, '201818', 1, 1, 1),
(419, 2, 3, '201819', 1, 1, 1),
(420, 2, 3, '201820', 1, 1, 1),
(421, 2, 3, '201821', 1, 1, 1),
(422, 2, 3, '201822', 1, 1, 1),
(423, 2, 3, '201823', 1, 1, 1),
(424, 2, 3, '201824', 1, 1, 1),
(425, 2, 3, '201825', 1, 1, 1),
(426, 2, 3, '201826', 1, 1, 1),
(427, 2, 3, '201827', 1, 1, 1),
(428, 2, 3, '201828', 1, 1, 1),
(429, 2, 3, '201829', 1, 1, 1),
(430, 2, 3, '201830', 1, 1, 1),
(431, 2, 3, '201831', 1, 1, 1),
(432, 2, 3, '201832', 1, 1, 1),
(433, 2, 3, '201833', 1, 1, 1),
(434, 2, 3, '201834', 1, 1, 1),
(435, 2, 3, '201835', 1, 1, 1),
(436, 2, 3, '201836', 1, 1, 1),
(437, 2, 3, '201837', 1, 1, 1),
(438, 2, 3, '201838', 1, 1, 1),
(439, 2, 3, '201839', 1, 1, 1),
(440, 2, 3, '201840', 1, 1, 1),
(441, 2, 3, '201851', 1, 1, 1),
(442, 2, 3, '201852', 1, 1, 1),
(443, 2, 3, '201853', 1, 1, 1),
(444, 2, 3, '201854', 1, 1, 1),
(445, 2, 3, '201855', 1, 1, 1),
(446, 2, 3, '201856', 1, 1, 1),
(447, 2, 3, '201857', 1, 1, 1),
(448, 2, 3, '201858', 1, 1, 1),
(449, 2, 3, '201859', 1, 1, 1),
(450, 2, 3, '201860', 1, 1, 1),
(451, 2, 3, '201861', 1, 1, 1),
(452, 2, 3, '201862', 1, 1, 1),
(453, 2, 3, '201863', 1, 1, 1),
(454, 2, 3, '201864', 1, 1, 1),
(455, 2, 3, '201865', 1, 1, 1),
(456, 2, 3, '201866', 1, 1, 1),
(457, 2, 3, '201867', 1, 1, 1),
(458, 2, 3, '201868', 1, 1, 1),
(459, 2, 3, '201869', 1, 1, 1),
(460, 2, 3, '201870', 1, 1, 1),
(461, 2, 3, '201871', 1, 1, 1),
(462, 2, 3, '201872', 1, 1, 1),
(463, 2, 3, '201873', 1, 1, 1),
(464, 2, 3, '201874', 1, 1, 1),
(465, 2, 3, '201875', 1, 1, 1),
(466, 2, 3, '201876', 1, 1, 1),
(467, 2, 3, '201877', 1, 1, 1),
(468, 2, 3, '201878', 1, 1, 1),
(469, 2, 3, '201879', 1, 1, 1),
(470, 2, 3, '201880', 1, 1, 1),
(471, 2, 3, '201881', 1, 1, 1),
(472, 2, 3, '201882', 1, 1, 1),
(473, 2, 3, '201883', 1, 1, 1),
(474, 2, 3, '201884', 1, 1, 1),
(475, 2, 3, '201885', 1, 1, 1),
(476, 2, 3, '201886', 1, 1, 1),
(477, 2, 3, '201887', 1, 1, 1),
(478, 2, 3, '201888', 1, 1, 1),
(479, 2, 3, '201889', 1, 1, 1),
(480, 2, 3, '201890', 1, 1, 1),
(481, 2, 3, '2018101', 1, 1, 1),
(482, 2, 3, '2018102', 1, 1, 1),
(483, 2, 3, '2018103', 1, 1, 1),
(484, 2, 3, '2018104', 1, 1, 1),
(485, 2, 3, '2018105', 1, 1, 1),
(486, 2, 3, '2018106', 1, 1, 1),
(487, 2, 3, '2018107', 1, 1, 1),
(488, 2, 3, '2018108', 1, 1, 1),
(489, 2, 3, '2018109', 1, 1, 1),
(490, 2, 3, '2018110', 1, 1, 1),
(491, 2, 3, '2018111', 1, 1, 1),
(492, 2, 3, '2018112', 1, 1, 1),
(493, 2, 3, '2018113', 1, 1, 1),
(494, 2, 3, '2018114', 1, 1, 1),
(495, 2, 3, '2018115', 1, 1, 1),
(496, 2, 3, '2018116', 1, 1, 1),
(497, 2, 3, '2018117', 1, 1, 1),
(498, 2, 3, '2018118', 1, 1, 1),
(499, 2, 3, '2018119', 1, 1, 1),
(500, 2, 3, '2018120', 1, 1, 1),
(501, 2, 3, '2018121', 1, 1, 1),
(502, 2, 3, '2018122', 1, 1, 1),
(503, 2, 3, '2018123', 1, 1, 1),
(504, 2, 3, '2018124', 1, 1, 1),
(505, 2, 3, '2018125', 1, 1, 1),
(506, 2, 3, '2018126', 1, 1, 1),
(507, 2, 3, '2018127', 1, 1, 1),
(508, 2, 3, '2018128', 1, 1, 1),
(509, 2, 3, '2018129', 1, 1, 1),
(510, 2, 3, '2018130', 1, 1, 1),
(511, 2, 3, '2018131', 1, 1, 1),
(512, 2, 3, '2018132', 1, 1, 1),
(513, 2, 3, '2018133', 1, 1, 1),
(514, 2, 3, '2018134', 1, 1, 1),
(515, 2, 3, '2018135', 1, 1, 1),
(516, 2, 3, '2018136', 1, 1, 1),
(517, 2, 3, '2018137', 1, 1, 1),
(518, 2, 3, '2018138', 1, 1, 1),
(519, 2, 3, '2018139', 1, 1, 1),
(520, 2, 3, '2018140', 1, 1, 1),
(521, 2, 3, '2018151', 1, 1, 1),
(522, 2, 3, '2018152', 1, 1, 1),
(523, 2, 3, '2018153', 1, 1, 1),
(524, 2, 3, '2018154', 1, 1, 1),
(525, 2, 3, '2018155', 1, 1, 1),
(526, 2, 3, '2018156', 1, 1, 1),
(527, 2, 3, '2018157', 1, 1, 1),
(528, 2, 3, '2018158', 1, 1, 1),
(529, 2, 3, '2018159', 1, 1, 1),
(530, 2, 3, '2018160', 1, 1, 1),
(531, 2, 3, '2018161', 1, 1, 1),
(532, 2, 3, '2018162', 1, 1, 1),
(533, 2, 3, '2018163', 1, 1, 1),
(534, 2, 3, '2018164', 1, 1, 1),
(535, 2, 3, '2018165', 1, 1, 1),
(536, 2, 3, '2018166', 1, 1, 1),
(537, 2, 3, '2018167', 1, 1, 1),
(538, 2, 3, '2018168', 1, 1, 1),
(539, 2, 3, '2018169', 1, 1, 1),
(540, 2, 3, '2018170', 1, 1, 1),
(541, 2, 3, '2018171', 1, 1, 1),
(542, 2, 3, '2018172', 1, 1, 1),
(543, 2, 3, '2018173', 1, 1, 1),
(544, 2, 3, '2018174', 1, 1, 1),
(545, 2, 3, '2018175', 1, 1, 1),
(546, 2, 3, '2018176', 1, 1, 1),
(547, 2, 3, '2018177', 1, 1, 1),
(548, 2, 3, '2018178', 1, 1, 1),
(549, 2, 3, '2018179', 1, 1, 1),
(550, 2, 3, '2018180', 1, 1, 1),
(551, 2, 3, '2018181', 1, 1, 1),
(552, 2, 3, '2018182', 1, 1, 1),
(553, 2, 3, '2018183', 1, 1, 1),
(554, 2, 3, '2018184', 1, 1, 1),
(555, 2, 3, '2018185', 1, 1, 1),
(556, 2, 3, '2018186', 1, 1, 1),
(557, 2, 3, '2018187', 1, 1, 1),
(558, 2, 3, '2018188', 1, 1, 1),
(559, 2, 3, '2018189', 1, 1, 1),
(560, 2, 3, '2018190', 1, 1, 1),
(561, 2, 3, '2018201', 1, 1, 1),
(562, 2, 3, '2018202', 1, 1, 1),
(563, 2, 3, '2018203', 1, 1, 1),
(564, 2, 3, '2018204', 1, 1, 1),
(565, 2, 3, '2018205', 1, 1, 1),
(566, 2, 3, '2018206', 1, 1, 1),
(567, 2, 3, '2018207', 1, 1, 1),
(568, 2, 3, '2018208', 1, 1, 1),
(569, 2, 3, '2018209', 1, 1, 1),
(570, 2, 3, '2018210', 1, 1, 1),
(571, 2, 3, '2018211', 1, 1, 1),
(572, 2, 3, '2018212', 1, 1, 1),
(573, 2, 3, '2018213', 1, 1, 1),
(574, 2, 3, '2018214', 1, 1, 1),
(575, 2, 3, '2018215', 1, 1, 1),
(576, 2, 3, '2018216', 1, 1, 1),
(577, 2, 3, '2018217', 1, 1, 1),
(578, 2, 3, '2018218', 1, 1, 1),
(579, 2, 3, '2018219', 1, 1, 1),
(580, 2, 3, '2018220', 1, 1, 1),
(581, 2, 3, '2018221', 1, 1, 1),
(582, 2, 3, '2018222', 1, 1, 1),
(583, 2, 3, '2018223', 1, 1, 1),
(584, 2, 3, '2018224', 1, 1, 1),
(585, 2, 3, '2018225', 1, 1, 1),
(586, 2, 3, '2018226', 1, 1, 1),
(587, 2, 3, '2018227', 1, 1, 1),
(588, 2, 3, '2018228', 1, 1, 1),
(589, 2, 3, '2018229', 1, 1, 1),
(590, 2, 3, '2018230', 1, 1, 1),
(591, 2, 3, '2018231', 1, 1, 1),
(592, 2, 3, '2018232', 1, 1, 1),
(593, 2, 3, '2018233', 1, 1, 1),
(594, 2, 3, '2018234', 1, 1, 1),
(595, 2, 3, '2018235', 1, 1, 1),
(596, 2, 3, '2018236', 1, 1, 1),
(597, 2, 3, '2018237', 1, 1, 1),
(598, 2, 3, '2018238', 1, 1, 1),
(599, 2, 3, '2018239', 1, 1, 1),
(600, 2, 3, '2018240', 1, 1, 1),
(601, 2, 3, '2018251', 1, 1, 1),
(602, 2, 3, '2018252', 1, 1, 1),
(603, 2, 3, '2018253', 1, 1, 1),
(604, 2, 3, '2018254', 1, 1, 1),
(605, 2, 3, '2018255', 1, 1, 1),
(606, 2, 3, '2018256', 1, 1, 1),
(607, 2, 3, '2018257', 1, 1, 1),
(608, 2, 3, '2018258', 1, 1, 1),
(609, 2, 3, '2018259', 1, 1, 1),
(610, 2, 3, '2018260', 1, 1, 1),
(611, 2, 3, '2018261', 1, 1, 1),
(612, 2, 3, '2018262', 1, 1, 1),
(613, 2, 3, '2018263', 1, 1, 1),
(614, 2, 3, '2018264', 1, 1, 1),
(615, 2, 3, '2018265', 1, 1, 1),
(616, 2, 3, '2018266', 1, 1, 1),
(617, 2, 3, '2018267', 1, 1, 1),
(618, 2, 3, '2018268', 1, 1, 1),
(619, 2, 3, '2018269', 1, 1, 1),
(620, 2, 3, '2018270', 1, 1, 1),
(621, 2, 3, '2018271', 1, 1, 1),
(622, 2, 3, '2018272', 1, 1, 1),
(623, 2, 3, '2018273', 1, 1, 1),
(624, 2, 3, '2018274', 1, 1, 1),
(625, 2, 3, '2018275', 1, 1, 1),
(626, 2, 3, '2018276', 1, 1, 1),
(627, 2, 3, '2018277', 1, 1, 1),
(628, 2, 3, '2018278', 1, 1, 1),
(629, 2, 3, '2018279', 1, 1, 1),
(630, 2, 3, '2018280', 1, 1, 1),
(631, 2, 3, '2018281', 1, 1, 1),
(632, 2, 3, '2018282', 1, 1, 1),
(633, 2, 3, '2018283', 1, 1, 1),
(634, 2, 3, '2018284', 1, 1, 1),
(635, 2, 3, '2018285', 1, 1, 1),
(636, 2, 3, '2018286', 1, 1, 1),
(637, 2, 3, '2018287', 1, 1, 1),
(638, 2, 3, '2018288', 1, 1, 1),
(639, 2, 3, '2018289', 1, 1, 1),
(640, 2, 3, '2018290', 1, 1, 1),
(641, 2, 3, '2018301', 1, 1, 1),
(642, 2, 3, '2018302', 1, 1, 1),
(643, 2, 3, '2018303', 1, 1, 1),
(644, 2, 3, '2018304', 1, 1, 1),
(645, 2, 3, '2018305', 1, 1, 1),
(646, 2, 3, '2018306', 1, 1, 1),
(647, 2, 3, '2018307', 1, 1, 1),
(648, 2, 3, '2018308', 1, 1, 1),
(649, 2, 3, '2018309', 1, 1, 1),
(650, 2, 3, '2018310', 1, 1, 1),
(651, 2, 3, '2018311', 1, 1, 1),
(652, 2, 3, '2018312', 1, 1, 1),
(653, 2, 3, '2018313', 1, 1, 1),
(654, 2, 3, '2018314', 1, 1, 1),
(655, 2, 3, '2018315', 1, 1, 1),
(656, 2, 3, '2018316', 1, 1, 1),
(657, 2, 3, '2018317', 1, 1, 1),
(658, 2, 3, '2018318', 1, 1, 1),
(659, 2, 3, '2018319', 1, 1, 1),
(660, 2, 3, '2018320', 1, 1, 1),
(661, 2, 3, '2018321', 1, 1, 1),
(662, 2, 3, '2018322', 1, 1, 1),
(663, 2, 3, '2018323', 1, 1, 1),
(664, 2, 3, '2018324', 1, 1, 1),
(665, 2, 3, '2018325', 1, 1, 1),
(666, 2, 3, '2018326', 1, 1, 1),
(667, 2, 3, '2018327', 1, 1, 1),
(668, 2, 3, '2018328', 1, 1, 1),
(669, 2, 3, '2018329', 1, 1, 1),
(670, 2, 3, '2018330', 1, 1, 1),
(671, 2, 3, '2018331', 1, 1, 1),
(672, 2, 3, '2018332', 1, 1, 1),
(673, 2, 3, '2018333', 1, 1, 1),
(674, 2, 3, '2018334', 1, 1, 1),
(675, 2, 3, '2018335', 1, 1, 1),
(676, 2, 3, '2018336', 1, 1, 1),
(677, 2, 3, '2018337', 1, 1, 1),
(678, 2, 3, '2018338', 1, 1, 1),
(679, 2, 3, '2018339', 1, 1, 1),
(680, 2, 3, '2018340', 1, 1, 1),
(681, 2, 3, '2018351', 1, 1, 1),
(682, 2, 3, '2018352', 1, 1, 1),
(683, 2, 3, '2018353', 1, 1, 1),
(684, 2, 3, '2018354', 1, 1, 1),
(685, 2, 3, '2018355', 1, 1, 1),
(686, 2, 3, '2018356', 1, 1, 1),
(687, 2, 3, '2018357', 1, 1, 1),
(688, 2, 3, '2018358', 1, 1, 1),
(689, 2, 3, '2018359', 1, 1, 1),
(690, 2, 3, '2018360', 1, 1, 1),
(691, 2, 3, '2018361', 1, 1, 1),
(692, 2, 3, '2018362', 1, 1, 1),
(693, 2, 3, '2018363', 1, 1, 1),
(694, 2, 3, '2018364', 1, 1, 1),
(695, 2, 3, '2018365', 1, 1, 1),
(696, 2, 3, '2018366', 1, 1, 1),
(697, 2, 3, '2018367', 1, 1, 1),
(698, 2, 3, '2018368', 1, 1, 1),
(699, 2, 3, '2018369', 1, 1, 1),
(700, 2, 3, '2018370', 1, 1, 1),
(701, 2, 3, '2018371', 1, 1, 1),
(702, 2, 3, '2018372', 1, 1, 1),
(703, 2, 3, '2018373', 1, 1, 1),
(704, 2, 3, '2018374', 1, 1, 1),
(705, 2, 3, '2018375', 1, 1, 1),
(706, 2, 3, '2018376', 1, 1, 1),
(707, 2, 3, '2018377', 1, 1, 1),
(708, 2, 3, '2018378', 1, 1, 1),
(709, 2, 3, '2018379', 1, 1, 1),
(710, 2, 3, '2018380', 1, 1, 1),
(711, 2, 3, '2018381', 1, 1, 1),
(712, 2, 3, '2018382', 1, 1, 1),
(713, 2, 3, '2018383', 1, 1, 1),
(714, 2, 3, '2018384', 1, 1, 1),
(715, 2, 3, '2018385', 1, 1, 1),
(716, 2, 3, '2018386', 1, 1, 1),
(717, 2, 3, '2018387', 1, 1, 1),
(718, 2, 3, '2018388', 1, 1, 1),
(719, 2, 3, '2018389', 1, 1, 1),
(720, 2, 3, '2018390', 1, 1, 1),
(721, 2, 3, '2018401', 1, 1, 1),
(722, 2, 3, '2018402', 1, 1, 1),
(723, 2, 3, '2018403', 1, 1, 1),
(724, 2, 3, '2018404', 1, 1, 1),
(725, 2, 3, '2018405', 1, 1, 1),
(726, 2, 3, '2018406', 1, 1, 1),
(727, 2, 3, '2018407', 1, 1, 1),
(728, 2, 3, '2018408', 1, 1, 1),
(729, 2, 3, '2018409', 1, 1, 1),
(730, 2, 3, '2018410', 1, 1, 1),
(731, 2, 3, '2018411', 1, 1, 1),
(732, 2, 3, '2018412', 1, 1, 1),
(733, 2, 3, '2018413', 1, 1, 1),
(734, 2, 3, '2018414', 1, 1, 1),
(735, 2, 3, '2018415', 1, 1, 1),
(736, 2, 3, '2018416', 1, 1, 1),
(737, 2, 3, '2018417', 1, 1, 1),
(738, 2, 3, '2018418', 1, 1, 1),
(739, 2, 3, '2018419', 1, 1, 1),
(740, 2, 3, '2018420', 1, 1, 1),
(741, 2, 3, '2018421', 1, 1, 1),
(742, 2, 3, '2018422', 1, 1, 1),
(743, 2, 3, '2018423', 1, 1, 1),
(744, 2, 3, '2018424', 1, 1, 1),
(745, 2, 3, '2018425', 1, 1, 1),
(746, 2, 3, '2018426', 1, 1, 1),
(747, 2, 3, '2018427', 1, 1, 1),
(748, 2, 3, '2018428', 1, 1, 1),
(749, 2, 3, '2018429', 1, 1, 1),
(750, 2, 3, '2018430', 1, 1, 1),
(751, 2, 3, '2018431', 1, 1, 1),
(752, 2, 3, '2018432', 1, 1, 1),
(753, 2, 3, '2018433', 1, 1, 1),
(754, 2, 3, '2018434', 1, 1, 1),
(755, 2, 3, '2018435', 1, 1, 1),
(756, 2, 3, '2018436', 1, 1, 1),
(757, 2, 3, '2018437', 1, 1, 1),
(758, 2, 3, '2018438', 1, 1, 1),
(759, 2, 3, '2018439', 1, 1, 1),
(760, 2, 3, '2018440', 1, 1, 1),
(761, 2, 3, '2018451', 1, 1, 1),
(762, 2, 3, '2018452', 1, 1, 1),
(763, 2, 3, '2018453', 1, 1, 1),
(764, 2, 3, '2018454', 1, 1, 1),
(765, 2, 3, '2018455', 1, 1, 1),
(766, 2, 3, '2018456', 1, 1, 1),
(767, 2, 3, '2018457', 1, 1, 1),
(768, 2, 3, '2018458', 1, 1, 1),
(769, 2, 3, '2018459', 1, 1, 1),
(770, 2, 3, '2018460', 1, 1, 1),
(771, 2, 3, '2018461', 1, 1, 1),
(772, 2, 3, '2018462', 1, 1, 1),
(773, 2, 3, '2018463', 1, 1, 1),
(774, 2, 3, '2018464', 1, 1, 1),
(775, 2, 3, '2018465', 1, 1, 1),
(776, 2, 3, '2018466', 1, 1, 1),
(777, 2, 3, '2018467', 1, 1, 1),
(778, 2, 3, '2018468', 1, 1, 1),
(779, 2, 3, '2018469', 1, 1, 1),
(780, 2, 3, '2018470', 1, 1, 1),
(781, 2, 3, '2018471', 1, 1, 1),
(782, 2, 3, '2018472', 1, 1, 1),
(783, 2, 3, '2018473', 1, 1, 1),
(784, 2, 3, '2018474', 1, 1, 1),
(785, 2, 3, '2018475', 1, 1, 1),
(786, 2, 3, '2018476', 1, 1, 1),
(787, 2, 3, '2018477', 1, 1, 1),
(788, 2, 3, '2018478', 1, 1, 1),
(789, 2, 3, '2018479', 1, 1, 1),
(790, 2, 3, '2018480', 1, 1, 1),
(791, 2, 3, '2018481', 1, 1, 1),
(792, 2, 3, '2018482', 1, 1, 1),
(793, 2, 3, '2018483', 1, 1, 1),
(794, 2, 3, '2018484', 1, 1, 1),
(795, 2, 3, '2018485', 1, 1, 1),
(796, 2, 3, '2018486', 1, 1, 1),
(797, 2, 3, '2018487', 1, 1, 1),
(798, 2, 3, '2018488', 1, 1, 1),
(799, 2, 3, '2018489', 1, 1, 1),
(800, 2, 3, '2018490', 1, 1, 1);

-- --------------------------------------------------------

--
-- Table structure for table `tbl_acara`
--

CREATE TABLE `tbl_acara` (
  `id_acara` int(10) UNSIGNED NOT NULL,
  `id_nama_acara` varchar(10) NOT NULL,
  `waktu_acara` datetime NOT NULL
) ENGINE=InnoDB DEFAULT CHARSET=latin1;

--
-- Dumping data for table `tbl_acara`
--

INSERT INTO `tbl_acara` (`id_acara`, `id_nama_acara`, `waktu_acara`) VALUES
(1, '1', '2020-03-14 07:00:00'),
(2, '2', '2020-03-13 08:00:00'),
(3, '3', '2020-03-14 00:00:00'),
(4, '4', '2020-03-15 08:00:00');

-- --------------------------------------------------------

--
-- Table structure for table `tbl_akses`
--

CREATE TABLE `tbl_akses` (
  `id_akses` int(5) NOT NULL,
  `hak_akses` varchar(10) NOT NULL
) ENGINE=InnoDB DEFAULT CHARSET=latin1;

--
-- Dumping data for table `tbl_akses`
--

INSERT INTO `tbl_akses` (`id_akses`, `hak_akses`) VALUES
(1, 'walas'),
(2, 'guru'),
(3, 'pengelola'),
(4, 'admin');

-- --------------------------------------------------------

--
-- Table structure for table `tbl_guru`
--

CREATE TABLE `tbl_guru` (
  `id_guru` varchar(10) NOT NULL,
  `id_akses` int(5) NOT NULL,
  `nama_guru` varchar(50) NOT NULL,
  `email_guru` varchar(40) NOT NULL,
  `password_guru` varchar(100) NOT NULL
) ENGINE=InnoDB DEFAULT CHARSET=latin1;

--
-- Dumping data for table `tbl_guru`
--

INSERT INTO `tbl_guru` (`id_guru`, `id_akses`, `nama_guru`, `email_guru`, `password_guru`) VALUES
('30123', 1, 'Chloe', 'Chloe@gmail.com', '24cc4cc0f3b6c3c562bf7ecab4cb70a44b8779f9114582312667f24b12f34740'),
('30136', 2, 'Riley', 'Riley@gmail.com', '442e7204f307b0e5966e8e4bcb7edc772ca229cbf30751f510d29f93afc8228b'),
('30146', 1, 'Emily', 'Emily@gmail.com', 'bd5204708d8f1dfb23d3febefb63593649f922395e47f29a97cb75fe0054b93f'),
('30162', 3, 'Evelyn', 'Evelyn@gmail.com', '79191f7324ddd5edb7e9575068296266db22d63119d1b9f0190382fec8d32987'),
('30179', 1, 'Ella', 'Ella@gmail.com', 'f628897ab72f566705e64d2814cd22b170af35d9cf48dd01c8828377417a8697'),
('30191', 4, 'Claire', 'Claire@gmail.com', '68c7d399b200e00b656fde330bbcc491e5c3d89b06b3a662ef8c304ee75f5cbb'),
('30200', 1, 'Zoe', 'Zoe@gmail.com', 'b895514115580906353eafc4820b9db1411e659e165ee7a97a8898dd1466c551'),
('30206', 1, 'Olivia', 'Olivia@gmail.com', '0b8d9a82f0f1da03449763edfb09f72461392e48b94ae36cf8801ca888599683'),
('30213', 1, 'Abigail', 'Abigail@gmail.com', '304447aa6a87024e0f47ad5051dc8510cdbff2eb69b0cee1fea358ab74e25f6e'),
('30221', 1, 'Leah', 'Leah@gmail.com', '1119f7ebc3a5e5f2bdec0338df3fec1fb79e9262da854f930343b7ebe71d5604'),
('3024', 1, 'Nora', 'Nora@gmail.com', '8c4583151efdf2653c8de381787caf3e4a7c6984eebe0b2bc95804fc6223c23f'),
('30240', 1, 'Aubrey', 'Aubrey@gmail.com', '3a437d0efdd922f3508717a60baf76e5b7017bb49b57238b67365d451e4e430a'),
('30255', 1, 'Grace', 'Grace@gmail.com', '4b53852aee342348f5e3518c7778430e2e2c6704dbd3fa92746f9c9cfe86f9d5'),
('30263', 1, 'Madison', 'Madison@gmail.com', 'e35f6ad3d99444f4a917f3c02c99b1c615c84b44196cb82bba591b82b69aa918'),
('30273', 1, 'Zoe', 'Zoe@gmail.com', '93918842cbebd64edd4e5175cb01b326619d7bb3d9340d9fab0e2f40792b63d0'),
('30286', 1, 'Sophia', 'Sophia@gmail.com', '90982914113fa37940eb392278a57e0185794e6d2da01efb057e3363a12b9acf'),
('30301', 1, 'Sofia', 'Sofia@gmail.com', '101126d8024caf7ed5c7795abcffd10f144deed5e5fb38ccafa81a493ba16aa7'),
('30306', 1, 'Zoey', 'Zoey@gmail.com', '619f35057a20ae26190f559f946e5ac50d713c39df160785815a3ed0f15fa974'),
('30312', 1, 'Harper', 'Harper@gmail.com', '1b951febe9496add8cd59d1ac93e90e827a7646f28b284a3854aa1eff3aae97a'),
('30314', 1, 'Scarlett', 'Scarlett@gmail.com', '750a93f8c6f0477cfad7cab56c4795b976d50f2addc25098436b05579f9c9547'),
('30320', 1, 'Eleanor', 'Eleanor@gmail.com', '1eb172d3101e8f9002d7b801789050bbdf5ce47c73454228a2602d086d5528b2'),
('3033', 1, 'Claire', 'Claire@gmail.com', 'cc078a843e66628884a8d3930d5ac33da618e01afc491228023ba95df6b9e71b'),
('30330', 1, 'Sofia', 'Sofia@gmail.com', 'cec503525cb3434127ebc64e7928bb01a557f442a83c32da220b0d3d0202f9c0'),
('30334', 1, 'Nora', 'Nora@gmail.com', '3f1a366e6e0252aa4ace6df90980d65adc718f69dc43d6d782fb8e71db2b5059'),
('30340', 1, 'Aurora', 'Aurora@gmail.com', '40e77e2a6f24e79a72b68646930ef7053601811004bf2bb4ab24d2ec4b2b3373'),
('30355', 1, 'Brooklyn', 'Brooklyn@gmail.com', '218f56138f7227e1bd994cfcc06061f3e1df70b134089faa689b74bdc8189f6f'),
('30362', 1, 'Savannah', 'Savannah@gmail.com', 'b2338f6a8a076fdf8d59964a0f97f4f9c6884b15f6e921025e2a9f36fbaea1d5'),
('30383', 1, 'Elizabeth', 'Elizabeth@gmail.com', '5a28245125df2bdb9cb681ae4cd78634082b20ffc8e90e6c72c7b43f58836322'),
('30384', 1, 'Avery', 'Avery@gmail.com', '6dbc95f6431b98e039f22a826faececa5577e2cc00f4025920999f8538c77ca3'),
('30393', 1, 'Amelia', 'Amelia@gmail.com', '46a75df840644bd36e73145804de4cf9df4139159ba701963cb5325e514fc38c'),
('30420', 1, 'Hannah', 'Hannah@gmail.com', '3ba3bfa875940efdd59c7d54952783fc06561bc5d774fd79e6216ebe7acf721c'),
('30442', 1, 'Lily', 'Lily@gmail.com', 'ec325f34b10ea1635900e20e4a42e0c55ed928d4100de1e9d8d141a96dde71f2'),
('30460', 1, 'Mia', 'Mia@gmail.com', '2d1d45146d8ff7db3c3a64f3065a1bafe60cba8418c29f6e1d4db17439684b3a'),
('30470', 1, 'Lily', 'Lily@gmail.com', '5fe5ebf734446b44dc3ff662ceea9f17f0f7b05ccf4a6c86abd12f890492b79a'),
('30480', 1, 'Violet', 'Violet@gmail.com', '6176e14a5464bec6115280b8e6f1de1b26435b80a0c6122468726c1b937d05df'),
('30492', 1, 'Madison', 'Madison@gmail.com', '39fb5754199d0d3f6426abb384fc7bedd3dfe32d5ea23de7bb63ed48c89b8615'),
('30498', 1, 'Camila', 'Camila@gmail.com', '34486fd44f23b484058171b7b26e7e619e65e7963cb30ae30429e37a2f540ffc'),
('30505', 1, 'Ella', 'Ella@gmail.com', '18cf661c635715a68c2ce13b6752b54ad9041e00e5a5b1d709d1881b892c0e04'),
('3051', 1, 'Zoey', 'Zoey@gmail.com', 'a5d6aa38906f643af8b9ca4b4f4e368fdb582aec075517d0b446006376e4c4e9'),
('30516', 1, 'Isabella', 'Isabella@gmail.com', 'bb4684e4c1a2d4f28a9e8e3960a32a74d3f1296d1e047c7a85fa203ba8286d82'),
('30527', 1, 'Isabella', 'Isabella@gmail.com', '7151733c947f9f00d29626f59620b1cfa281e3394b4e7e26094a43b4c30d3d5c'),
('30536', 1, 'Victoria', 'Victoria@gmail.com', 'e95ec6bc02312cb199c4679782adedf3632c80e94d140aa8f08e487442603680'),
('30539', 1, 'Penelope', 'Penelope@gmail.com', '1402344518d6484cc86bf0af6ac50238dc1aa3324b55909c1ec22c5b20d5f134'),
('30564', 1, 'Aubrey', 'Aubrey@gmail.com', '0c85a576ec79ff245af93bf8fc521601c9714d3207eb7291207493ec2286cbfd'),
('30574', 1, 'Skylar', 'Skylar@gmail.com', 'f836c5b02ac7ae5cbef100360bcd77fe5e5a051907dcec1d551c6ddf7aeaf442'),
('30608', 1, 'Natalie', 'Natalie@gmail.com', 'b0632a1d656fc3411326cdcace587afa97e0949aa1cfd4c34d3ef0fc9545a13b'),
('30620', 1, 'Ellie', 'Ellie@gmail.com', '2ad43543ea170a953beef68d9b622f53c663d3cb586699bd246e710514e27b52'),
('30631', 1, 'Mila', 'Mila@gmail.com', 'e6ecefafefc7b07553ecfb885bb1634f103e69bab0b5a1c5df9813c31d230a5b'),
('30645', 1, 'Bella', 'Bella@gmail.com', 'eb1222d38d3a73c117b7578b60f39fbbde53a24ae1ff47f43571b3dc6aadf56d'),
('30663', 1, 'Grace', 'Grace@gmail.com', '6ec0a4413bd6fac5594fc9423d4e3659223060c5a954ed91bcba37ee537c9398'),
('30666', 1, 'Stella', 'Stella@gmail.com', 'a3bf9fa52a9c6461dae54e813eadf8010df967b11eb571557c015dc7ecea8e59'),
('30668', 1, 'Penelope', 'Penelope@gmail.com', '2e9fcbdf017c3338f1484bf94327d3cb9298e4e69bee9b233a5396927fd19a49'),
('3067', 1, 'Layla', 'Layla@gmail.com', '3a2cb39568eab09b578ba4bcae65d30c0d690ca2696c5bee7218bc236dfc024d'),
('30673', 1, 'Olivia', 'Olivia@gmail.com', 'f93dac4b97c7505dd88d1642f2dc35ac5590393f1e32c4357df13ee2c1509e62'),
('30678', 1, 'Bella', 'Bella@gmail.com', '1a5a7a4d517efd2e06544dd3fcbc3d54405c77380408b0ceed08367e46d84196'),
('30685', 1, 'Sophia', 'Sophia@gmail.com', '3d0c3277b8dd2dcc87d24506f0b1b32dec3c28644c174ce37e19b1ad1050b739'),
('3069', 1, 'Eleanor', 'Eleanor@gmail.com', '6e86cee10dae202662967fd08db64b24cd413f958c8bef3cd4412c6fb0998e35'),
('30693', 1, 'Audrey', 'Audrey@gmail.com', '84941c00c38812f277045afdd32f30c5a1b56410ee87f0a794febf89248174f4'),
('3070', 1, 'Amelia', 'Amelia@gmail.com', '0fadffeaece8ead34da51f59cfc617e2bc5f1c477ddc3bee3b68d53e0663672c'),
('30702', 1, 'Lillian', 'Lillian@gmail.com', '2638f89ed757c5ffbacf1570ea605bf7666f6be4331740f3d7461fb2514a542a'),
('30704', 1, 'Mila', 'Mila@gmail.com', 'bc0cffeb0bc0b19ac64717bbcf782c33c6422b296b4cdfca0a77a622287580dd'),
('30727', 1, 'Mia', 'Mia@gmail.com', '8cd13e1d3051f3ad7cee3b24188810f1409ec883f39eee6a2c5dd1e3e741e06f'),
('30731', 1, 'Abigail', 'Abigail@gmail.com', '50858dd43f2228ce76ef571f75c074b1871ee8dfcdff7fe1fdea6fe8c25130b4'),
('30743', 1, 'Ava', 'Ava@gmail.com', 'dbc9eca77f56234e4458602f495878b4ed8a4d35a0949853699d04af831028d2'),
('30764', 1, 'Hazel', 'Hazel@gmail.com', '924ccc72784df693d9da4c045b331e7180f6af368f79d9f38a22d7c33449baac'),
('30767', 1, 'Lillian', 'Lillian@gmail.com', '63fed5fc3ac9914c246bf5c8f0c75aafc40fc59ca7b29a2f697937c25e43969c'),
('30782', 1, 'Savannah', 'Savannah@gmail.com', '9096292978d04d4d960333c612ded2e4f4858f7c6eb2b633685e8ce6f7f111c3'),
('30786', 1, 'Emma', 'Emma@gmail.com', '5b639d722483159dc3df5dbeeda3e3f49ce6738ed70681c113560e5562da6784'),
('30797', 1, 'Chloe', 'Chloe@gmail.com', 'e41ccac359581e0ea12fd159ffba931193832ab7cdbf5b23e35ad403266b8e56'),
('30813', 1, 'Skylar', 'Skylar@gmail.com', '0f7b1a2a217e375a6193ad1d0fe71dedd106e7bd4e17b44b9fe31643662fc7c2'),
('3082', 1, 'Harper', 'Harper@gmail.com', '1190f8b8a87f7b21322219f9c6df461ce1f41403a1c90dec52136b4a381bb13d'),
('30839', 1, 'Emily', 'Emily@gmail.com', '378e0196331d663b3bf02a94f9ed92c41eab4fc74c9124570ce5c163e0624298'),
('30840', 1, 'Camila', 'Camila@gmail.com', '0dade68300059cf48863bdc0d0f4169e36a5ed6d534721573c3ad6a18352b5e5'),
('30841', 1, 'Ellie', 'Ellie@gmail.com', '5264965e7f45176db19ff39f1312a8f6368d0ea66e69b4f885c2f7cd507457a6'),
('3085', 1, 'Layla', 'Layla@gmail.com', 'f4fe9e2c76063d6600ee5e4852fcb88162dd8958c1b2e10514c19445924a0bd7'),
('30853', 1, 'Ava', 'Ava@gmail.com', '2c258f8f5553cf2e0bde36d8e6acf4fb3f0cb9cf3d22567980d572044f8d041d'),
('30867', 1, 'Natalie', 'Natalie@gmail.com', '2cfd857bdb6d8355cf30bc45584a0c31425001ea74f62046f40244aee5ce20b8'),
('30870', 1, 'Luna', 'Luna@gmail.com', '4f174b692495759f2ac0278078559a9bea35c6358d6aca5369b8a67c29a8ec7b'),
('30880', 1, 'Aurora', 'Aurora@gmail.com', '61b371a9e6687d7cb41a0824f3663b46c1dacd324b765da884cac0dc1f067fcf'),
('30885', 1, 'Charlotte', 'Charlotte@gmail.com', 'fd61ee4e706bbe5f1b97b2afc1ed7c4d7a5d4bd1e2987888324638e0f1f25891'),
('30892', 1, 'Charlotte', 'Charlotte@gmail.com', '9059ef009ccf6195ec7a221f78247a7266ff194aa8a42662f7b2ccfaa2ee05ec'),
('30905', 1, 'Addison', 'Addison@gmail.com', '6bc616b1e2825e3cae6b6d64634709b3b5658ee87d2b38b623ae7f6c05cf2ab3'),
('30908', 1, 'Luna', 'Luna@gmail.com', 'b0fabe1cf17df7c5d10d7bd1edc7895b28c1061e5a60ef0c2485d4e1aad07a29'),
('30913', 1, 'Emma', 'Emma@gmail.com', '13af6e717d636042d5ff755cbe3edf6cc14c2629f06d3a9e8284306ccea084e0'),
('30915', 1, 'Leah', 'Leah@gmail.com', '19dff24d434a12a9b56059f839d0918e120469874f7cb81e05b15837bbcc2738'),
('30937', 1, 'Aria', 'Aria@gmail.com', '47bc1d251aa0e87355f5250ccc431f7a37230c344cbc4d7c661b7fde53b9a0fd'),
('3095', 1, 'Avery', 'Avery@gmail.com', '6e19b806552b1cd9b6ca223963ea9a5b099df9da30359268d3d5361e4374f98c'),
('30954', 1, 'Hannah', 'Hannah@gmail.com', 'c0653032a5d42383955e95890ba22adc6598f82fc34e8a118743a690304235f4'),
('30955', 1, 'Stella', 'Stella@gmail.com', 'ca3f6115a3d6f7eb4342a75c0d5cb20da64d95d138bac79071b983a6d27567ae'),
('30957', 1, 'Brooklyn', 'Brooklyn@gmail.com', '0c38b3e90a7f1b4afab68f0d87a031d5f99c259be65d3278156f56854f7cbaa3'),
('30970', 1, 'Riley', 'Riley@gmail.com', '113cd7c9cf9bf26279ca7f568c77beb3ad4b2bed5b5204b4c22f959a02068233'),
('30974', 1, 'Scarlett', 'Scarlett@gmail.com', '9bb6216608e65cb16fdc0d185dc47de2a1a8d17e25b035f465cf7c79de040014'),
('30976', 1, 'Violet', 'Violet@gmail.com', '7873ad783ec0103b5d6b1752225482693e6eabd903f098369a5b05d5cf43f5f2'),
('30997', 1, 'Addison', 'Addison@gmail.com', 'e7882428e8a991b64c6e90c42828bddd79e673340767382617f9f941439c4e85');

-- --------------------------------------------------------

--
-- Table structure for table `tbl_jampel`
--

CREATE TABLE `tbl_jampel` (
  `id_jampel` int(2) UNSIGNED NOT NULL,
  `nama_jampel` varchar(5) NOT NULL,
  `waktu_jampel` time NOT NULL
) ENGINE=InnoDB DEFAULT CHARSET=latin1;

--
-- Dumping data for table `tbl_jampel`
--

INSERT INTO `tbl_jampel` (`id_jampel`, `nama_jampel`, `waktu_jampel`) VALUES
(1, '1', '07:00:00'),
(2, '2', '07:40:00');

-- --------------------------------------------------------

--
-- Table structure for table `tbl_kategori`
--

CREATE TABLE `tbl_kategori` (
  `id_kategori` varchar(10) NOT NULL,
  `nama_kategori` varchar(20) NOT NULL
) ENGINE=InnoDB DEFAULT CHARSET=latin1;

--
-- Dumping data for table `tbl_kategori`
--

INSERT INTO `tbl_kategori` (`id_kategori`, `nama_kategori`) VALUES
('1', 'religius'),
('2', 'disiplin'),
('3', 'cinta tanah air');

-- --------------------------------------------------------

--
-- Table structure for table `tbl_kelas`
--

CREATE TABLE `tbl_kelas` (
  `id_kelas` varchar(10) NOT NULL,
  `nama_kelas` varchar(30) NOT NULL
) ENGINE=InnoDB DEFAULT CHARSET=latin1;

--
-- Dumping data for table `tbl_kelas`
--

INSERT INTO `tbl_kelas` (`id_kelas`, `nama_kelas`) VALUES
('X1', 'X Tel 1'),
('X10', 'X Tel 10'),
('X11', 'X Tel 11'),
('X12', 'X Tel 12'),
('X13', 'X Tel 13'),
('X2', 'X Tel 2'),
('X3', 'X Tel 3'),
('X4', 'X Tel 4'),
('X5', 'X Tel 5'),
('X6', 'X Tel 6'),
('X7', 'X Tel 7'),
('X8', 'X Tel 8'),
('X9', 'X Tel 9');

-- --------------------------------------------------------

--
-- Table structure for table `tbl_nama_acara`
--

CREATE TABLE `tbl_nama_acara` (
  `id_nama_acara` varchar(10) NOT NULL,
  `id_kategori` varchar(10) NOT NULL,
  `nama_acara` varchar(30) NOT NULL
) ENGINE=InnoDB DEFAULT CHARSET=latin1;

--
-- Dumping data for table `tbl_nama_acara`
--

INSERT INTO `tbl_nama_acara` (`id_nama_acara`, `id_kategori`, `nama_acara`) VALUES
('1', '1', 'Ibadah Jumat'),
('2', '1', 'Thafiz'),
('3', '2', 'Ami'),
('4', '3', 'Upacara'),
('5', '3', 'Pramuka');

-- --------------------------------------------------------

--
-- Table structure for table `tbl_siswa`
--

CREATE TABLE `tbl_siswa` (
  `id_siswa` varchar(10) NOT NULL,
  `id_kelas` varchar(10) NOT NULL,
  `nama_siswa` varchar(50) NOT NULL,
  `email_siswa` varchar(40) NOT NULL,
  `password_siswa` varchar(100) NOT NULL
) ENGINE=InnoDB DEFAULT CHARSET=latin1;

--
-- Dumping data for table `tbl_siswa`
--

INSERT INTO `tbl_siswa` (`id_siswa`, `id_kelas`, `nama_siswa`, `email_siswa`, `password_siswa`) VALUES
('20181', 'X1', 'Emma', 'Emma@gmail.com', 'oiuqirmhjc'),
('201810', 'X1', 'Evelyn', 'Evelyn@gmail.com', 'hjlniuaeca'),
('2018100', 'X2', 'Skylar', 'Skylar@gmail.com', 'tvohabtrse'),
('2018101', 'X3', 'Emma', 'Emma@gmail.com', 'xljkotejlt'),
('2018102', 'X3', 'Olivia', 'Olivia@gmail.com', 'bydsffxrga'),
('2018103', 'X3', 'Ava', 'Ava@gmail.com', 'usnflhkvnk'),
('2018104', 'X3', 'Isabella', 'Isabella@gmail.com', 'tvhqiofuhj'),
('2018105', 'X3', 'Sophia', 'Sophia@gmail.com', 'ossfsbcexk'),
('2018106', 'X3', 'Charlotte', 'Charlotte@gmail.com', 'dpfpazcsnj'),
('2018107', 'X3', 'Mia', 'Mia@gmail.com', 'fjgzpjzboa'),
('2018108', 'X3', 'Amelia', 'Amelia@gmail.com', 'hufgwuynie'),
('2018109', 'X3', 'Harper', 'Harper@gmail.com', 'qxuflxjoby'),
('201811', 'X1', 'Abigail', 'Abigail@gmail.com', 'hygcztyxyc'),
('2018110', 'X3', 'Evelyn', 'Evelyn@gmail.com', 'aidvhjuqaa'),
('2018111', 'X3', 'Abigail', 'Abigail@gmail.com', 'qowwdnlaip'),
('2018112', 'X3', 'Emily', 'Emily@gmail.com', 'niynxkhxyl'),
('2018113', 'X3', 'Elizabeth', 'Elizabeth@gmail.com', 'ebwrkrijgw'),
('2018114', 'X3', 'Mila', 'Mila@gmail.com', 'cgtblzrbsj'),
('2018115', 'X3', 'Ella', 'Ella@gmail.com', 'gvwitylypm'),
('2018116', 'X3', 'Avery', 'Avery@gmail.com', 'shwehsvqqs'),
('2018117', 'X3', 'Sofia', 'Sofia@gmail.com', 'kexokkcfqn'),
('2018118', 'X3', 'Camila', 'Camila@gmail.com', 'lzfciutjeq'),
('2018119', 'X3', 'Aria', 'Aria@gmail.com', 'jyheyoduqx'),
('201812', 'X1', 'Emily', 'Emily@gmail.com', 'krkvrhadzo'),
('2018120', 'X3', 'Scarlett', 'Scarlett@gmail.com', 'xexyehzxve'),
('2018121', 'X3', 'Victoria', 'Victoria@gmail.com', 'fwcybrkrkt'),
('2018122', 'X3', 'Madison', 'Madison@gmail.com', 'yhjilsscas'),
('2018123', 'X3', 'Luna', 'Luna@gmail.com', 'suqqgkybax'),
('2018124', 'X3', 'Grace', 'Grace@gmail.com', 'uxdwyifugi'),
('2018125', 'X3', 'Chloe', 'Chloe@gmail.com', 'pbjfudqhbl'),
('2018126', 'X3', 'Penelope', 'Penelope@gmail.com', 'kckoukmzsv'),
('2018127', 'X3', 'Layla', 'Layla@gmail.com', 'uuvzprxeou'),
('2018128', 'X3', 'Riley', 'Riley@gmail.com', 'mjczayaznv'),
('2018129', 'X3', 'Zoey', 'Zoey@gmail.com', 'fyzctvakbc'),
('201813', 'X1', 'Elizabeth', 'Elizabeth@gmail.com', 'ssrempnpou'),
('2018130', 'X3', 'Nora', 'Nora@gmail.com', 'dmwwbhhign'),
('2018131', 'X3', 'Lily', 'Lily@gmail.com', 'ueqgbenqle'),
('2018132', 'X3', 'Eleanor', 'Eleanor@gmail.com', 'gugdysmwdv'),
('2018133', 'X3', 'Hannah', 'Hannah@gmail.com', 'utoujxaqvp'),
('2018134', 'X3', 'Lillian', 'Lillian@gmail.com', 'axlnlusxgk'),
('2018135', 'X3', 'Addison', 'Addison@gmail.com', 'rybqetaplm'),
('2018136', 'X3', 'Aubrey', 'Aubrey@gmail.com', 'lmwvtxrdha'),
('2018137', 'X3', 'Ellie', 'Ellie@gmail.com', 'kxktdgcnjj'),
('2018138', 'X3', 'Stella', 'Stella@gmail.com', 'afdsgcdfyj'),
('2018139', 'X3', 'Natalie', 'Natalie@gmail.com', 'ipfufsvgih'),
('201814', 'X1', 'Mila', 'Mila@gmail.com', 'dbbverppiz'),
('2018140', 'X3', 'Zoe', 'Zoe@gmail.com', 'tqazwcynvz'),
('2018141', 'X3', 'Leah', 'Leah@gmail.com', 'nryaqwbkrl'),
('2018142', 'X3', 'Hazel', 'Hazel@gmail.com', 'hrsmdekpcz'),
('2018143', 'X3', 'Violet', 'Violet@gmail.com', 'vqekajvrzu'),
('2018144', 'X3', 'Aurora', 'Aurora@gmail.com', 'qgiwvarxkj'),
('2018145', 'X3', 'Savannah', 'Savannah@gmail.com', 'ghuldumpjd'),
('2018146', 'X3', 'Audrey', 'Audrey@gmail.com', 'bcpxetnzjm'),
('2018147', 'X3', 'Brooklyn', 'Brooklyn@gmail.com', 'dtmrkumcje'),
('2018148', 'X3', 'Bella', 'Bella@gmail.com', 'kkytofanvn'),
('2018149', 'X3', 'Claire', 'Claire@gmail.com', 'hdqgqpckxx'),
('201815', 'X1', 'Ella', 'Ella@gmail.com', 'ifybvpnhtk'),
('2018150', 'X3', 'Skylar', 'Skylar@gmail.com', 'dvwhrdelek'),
('2018151', 'X4', 'Emma', 'Emma@gmail.com', 'kufrclesaq'),
('2018152', 'X4', 'Olivia', 'Olivia@gmail.com', 'gsozzadhol'),
('2018153', 'X4', 'Ava', 'Ava@gmail.com', 'fryzehaydi'),
('2018154', 'X4', 'Isabella', 'Isabella@gmail.com', 'ggrjvplviu'),
('2018155', 'X4', 'Sophia', 'Sophia@gmail.com', 'rhsikqfacm'),
('2018156', 'X4', 'Charlotte', 'Charlotte@gmail.com', 'zgaruxrqxg'),
('2018157', 'X4', 'Mia', 'Mia@gmail.com', 'dlwlcrskod'),
('2018158', 'X4', 'Amelia', 'Amelia@gmail.com', 'lqrsspoqpn'),
('2018159', 'X4', 'Harper', 'Harper@gmail.com', 'nxmbohcocb'),
('201816', 'X1', 'Avery', 'Avery@gmail.com', 'qxhohrsigy'),
('2018160', 'X4', 'Evelyn', 'Evelyn@gmail.com', 'fhoqwdngtc'),
('2018161', 'X4', 'Abigail', 'Abigail@gmail.com', 'poupvfvxxt'),
('2018162', 'X4', 'Emily', 'Emily@gmail.com', 'scrjijuscy'),
('2018163', 'X4', 'Elizabeth', 'Elizabeth@gmail.com', 'absvtmcsnp'),
('2018164', 'X4', 'Mila', 'Mila@gmail.com', 'apsmohkgih'),
('2018165', 'X4', 'Ella', 'Ella@gmail.com', 'edkoleyhhn'),
('2018166', 'X4', 'Avery', 'Avery@gmail.com', 'vdccgvgqam'),
('2018167', 'X4', 'Sofia', 'Sofia@gmail.com', 'ywkvzxtrrc'),
('2018168', 'X4', 'Camila', 'Camila@gmail.com', 'bgyrvvwkoi'),
('2018169', 'X4', 'Aria', 'Aria@gmail.com', 'dipjnotqek'),
('201817', 'X1', 'Sofia', 'Sofia@gmail.com', 'osfsnvlkzo'),
('2018170', 'X4', 'Scarlett', 'Scarlett@gmail.com', 'xtdvzlzodl'),
('2018171', 'X4', 'Victoria', 'Victoria@gmail.com', 'eebmympfxb'),
('2018172', 'X4', 'Madison', 'Madison@gmail.com', 'hxkntnlkgr'),
('2018173', 'X4', 'Luna', 'Luna@gmail.com', 'zcdqidlbwc'),
('2018174', 'X4', 'Grace', 'Grace@gmail.com', 'bewydyesvt'),
('2018175', 'X4', 'Chloe', 'Chloe@gmail.com', 'krrhivtxfj'),
('2018176', 'X4', 'Penelope', 'Penelope@gmail.com', 'zmoibtklgm'),
('2018177', 'X4', 'Layla', 'Layla@gmail.com', 'dwcogcqzsw'),
('2018178', 'X4', 'Riley', 'Riley@gmail.com', 'stvapncbbk'),
('2018179', 'X4', 'Zoey', 'Zoey@gmail.com', 'gwwbfnjufb'),
('201818', 'X1', 'Camila', 'Camila@gmail.com', 'sqdtxpjhuv'),
('2018180', 'X4', 'Nora', 'Nora@gmail.com', 'ptwlbdllsl'),
('2018181', 'X4', 'Lily', 'Lily@gmail.com', 'ldllbazbip'),
('2018182', 'X4', 'Eleanor', 'Eleanor@gmail.com', 'kbhzfaaqsq'),
('2018183', 'X4', 'Hannah', 'Hannah@gmail.com', 'fncakcwred'),
('2018184', 'X4', 'Lillian', 'Lillian@gmail.com', 'mrvaayjouk'),
('2018185', 'X4', 'Addison', 'Addison@gmail.com', 'odinjdcqbw'),
('2018186', 'X4', 'Aubrey', 'Aubrey@gmail.com', 'wvaxvjweqe'),
('2018187', 'X4', 'Ellie', 'Ellie@gmail.com', 'yrllpihnza'),
('2018188', 'X4', 'Stella', 'Stella@gmail.com', 'gqswmdfvau'),
('2018189', 'X4', 'Natalie', 'Natalie@gmail.com', 'ovftcotcvb'),
('201819', 'X1', 'Aria', 'Aria@gmail.com', 'zulnuicbrk'),
('2018190', 'X4', 'Zoe', 'Zoe@gmail.com', 'ruyujjrqil'),
('2018191', 'X4', 'Leah', 'Leah@gmail.com', 'erlfzogywm'),
('2018192', 'X4', 'Hazel', 'Hazel@gmail.com', 'tquibnbolo'),
('2018193', 'X4', 'Violet', 'Violet@gmail.com', 'vgrhlvrswb'),
('2018194', 'X4', 'Aurora', 'Aurora@gmail.com', 'spuwlttvkb'),
('2018195', 'X4', 'Savannah', 'Savannah@gmail.com', 'xbrcyayleg'),
('2018196', 'X4', 'Audrey', 'Audrey@gmail.com', 'hurirkgrnx'),
('2018197', 'X4', 'Brooklyn', 'Brooklyn@gmail.com', 'rtiphuwxud'),
('2018198', 'X4', 'Bella', 'Bella@gmail.com', 'jhdzzcepzy'),
('2018199', 'X4', 'Claire', 'Claire@gmail.com', 'zwnfmosols'),
('20182', 'X1', 'Olivia', 'Olivia@gmail.com', 'pqbzibbiqr'),
('201820', 'X1', 'Scarlett', 'Scarlett@gmail.com', 'rgtwldakye'),
('2018200', 'X4', 'Skylar', 'Skylar@gmail.com', 'muaqmooein'),
('2018201', 'X5', 'Emma', 'Emma@gmail.com', 'rbhflakcry'),
('2018202', 'X5', 'Olivia', 'Olivia@gmail.com', 'unnlxggbzo'),
('2018203', 'X5', 'Ava', 'Ava@gmail.com', 'pkgmvtyumo'),
('2018204', 'X5', 'Isabella', 'Isabella@gmail.com', 'bqitmicskx'),
('2018205', 'X5', 'Sophia', 'Sophia@gmail.com', 'ladlbzgotp'),
('2018206', 'X5', 'Charlotte', 'Charlotte@gmail.com', 'xzzxrjzvnc'),
('2018207', 'X5', 'Mia', 'Mia@gmail.com', 'xttvxdddgk'),
('2018208', 'X5', 'Amelia', 'Amelia@gmail.com', 'cjjeofcpjw'),
('2018209', 'X5', 'Harper', 'Harper@gmail.com', 'mxopqrsxsn'),
('201821', 'X1', 'Victoria', 'Victoria@gmail.com', 'wzawhgyebd'),
('2018210', 'X5', 'Evelyn', 'Evelyn@gmail.com', 'ktapzofskh'),
('2018211', 'X5', 'Abigail', 'Abigail@gmail.com', 'ilieciuwnx'),
('2018212', 'X5', 'Emily', 'Emily@gmail.com', 'ozdxsgxspt'),
('2018213', 'X5', 'Elizabeth', 'Elizabeth@gmail.com', 'noxplhtkin'),
('2018214', 'X5', 'Mila', 'Mila@gmail.com', 'ezrrjrkvyw'),
('2018215', 'X5', 'Ella', 'Ella@gmail.com', 'jiumatuvqi'),
('2018216', 'X5', 'Avery', 'Avery@gmail.com', 'aowrnfaekz'),
('2018217', 'X5', 'Sofia', 'Sofia@gmail.com', 'bredliadcv'),
('2018218', 'X5', 'Camila', 'Camila@gmail.com', 'yhnjlkehad'),
('2018219', 'X5', 'Aria', 'Aria@gmail.com', 'jswiuxpqua'),
('201822', 'X1', 'Madison', 'Madison@gmail.com', 'dgknjahsze'),
('2018220', 'X5', 'Scarlett', 'Scarlett@gmail.com', 'wmqxebeffe'),
('2018221', 'X5', 'Victoria', 'Victoria@gmail.com', 'jmcvmrkwqe'),
('2018222', 'X5', 'Madison', 'Madison@gmail.com', 'zpkrpibxrd'),
('2018223', 'X5', 'Luna', 'Luna@gmail.com', 'thkhxuaapt'),
('2018224', 'X5', 'Grace', 'Grace@gmail.com', 'vjjaevxhow'),
('2018225', 'X5', 'Chloe', 'Chloe@gmail.com', 'njvxbqruju'),
('2018226', 'X5', 'Penelope', 'Penelope@gmail.com', 'nxanjtnuhy'),
('2018227', 'X5', 'Layla', 'Layla@gmail.com', 'lekynzjrya'),
('2018228', 'X5', 'Riley', 'Riley@gmail.com', 'cwegimamrx'),
('2018229', 'X5', 'Zoey', 'Zoey@gmail.com', 'xwnrcegipd'),
('201823', 'X1', 'Luna', 'Luna@gmail.com', 'qqedpcsjyf'),
('2018230', 'X5', 'Nora', 'Nora@gmail.com', 'ozjzawiexg'),
('2018231', 'X5', 'Lily', 'Lily@gmail.com', 'yavdftbpog'),
('2018232', 'X5', 'Eleanor', 'Eleanor@gmail.com', 'kiqlsjxhzb'),
('2018233', 'X5', 'Hannah', 'Hannah@gmail.com', 'mjohdcynlq'),
('2018234', 'X5', 'Lillian', 'Lillian@gmail.com', 'extawsnxwf'),
('2018235', 'X5', 'Addison', 'Addison@gmail.com', 'qlfacdzora'),
('2018236', 'X5', 'Aubrey', 'Aubrey@gmail.com', 'eyvwkzhwjh'),
('2018237', 'X5', 'Ellie', 'Ellie@gmail.com', 'chwlwnafrs'),
('2018238', 'X5', 'Stella', 'Stella@gmail.com', 'uothqzfjaw'),
('2018239', 'X5', 'Natalie', 'Natalie@gmail.com', 'hlhuuogdmv'),
('201824', 'X1', 'Grace', 'Grace@gmail.com', 'kbbrfitbsa'),
('2018240', 'X5', 'Zoe', 'Zoe@gmail.com', 'dsyvhqgmaw'),
('2018241', 'X5', 'Leah', 'Leah@gmail.com', 'wgfyikictm'),
('2018242', 'X5', 'Hazel', 'Hazel@gmail.com', 'gqpqxnrzpd'),
('2018243', 'X5', 'Violet', 'Violet@gmail.com', 'bjgiymlruo'),
('2018244', 'X5', 'Aurora', 'Aurora@gmail.com', 'qqtmvbnrmu'),
('2018245', 'X5', 'Savannah', 'Savannah@gmail.com', 'ktechflxuu'),
('2018246', 'X5', 'Audrey', 'Audrey@gmail.com', 'bivdlrqsrt'),
('2018247', 'X5', 'Brooklyn', 'Brooklyn@gmail.com', 'tjemefwkxt'),
('2018248', 'X5', 'Bella', 'Bella@gmail.com', 'zfhilcaomg'),
('2018249', 'X5', 'Claire', 'Claire@gmail.com', 'pqzpjztdky'),
('201825', 'X1', 'Chloe', 'Chloe@gmail.com', 'zaykpbasiv'),
('2018250', 'X5', 'Skylar', 'Skylar@gmail.com', 'vvrijapatn'),
('2018251', 'X6', 'Emma', 'Emma@gmail.com', 'vgmibhkicj'),
('2018252', 'X6', 'Olivia', 'Olivia@gmail.com', 'yohfpaqyka'),
('2018253', 'X6', 'Ava', 'Ava@gmail.com', 'mfqxvmuyto'),
('2018254', 'X6', 'Isabella', 'Isabella@gmail.com', 'zzsnxehexq'),
('2018255', 'X6', 'Sophia', 'Sophia@gmail.com', 'bemhsinzmh'),
('2018256', 'X6', 'Charlotte', 'Charlotte@gmail.com', 'erxuhymhyt'),
('2018257', 'X6', 'Mia', 'Mia@gmail.com', 'kshiszxzup'),
('2018258', 'X6', 'Amelia', 'Amelia@gmail.com', 'qqhjocjpts'),
('2018259', 'X6', 'Harper', 'Harper@gmail.com', 'tsolhqqlbe'),
('201826', 'X1', 'Penelope', 'Penelope@gmail.com', 'hrxjirdecb'),
('2018260', 'X6', 'Evelyn', 'Evelyn@gmail.com', 'wjsxrgawhu'),
('2018261', 'X6', 'Abigail', 'Abigail@gmail.com', 'qqxgdbtiyr'),
('2018262', 'X6', 'Emily', 'Emily@gmail.com', 'ftnklkztpz'),
('2018263', 'X6', 'Elizabeth', 'Elizabeth@gmail.com', 'adjatcdkom'),
('2018264', 'X6', 'Mila', 'Mila@gmail.com', 'ifftvkfgvu'),
('2018265', 'X6', 'Ella', 'Ella@gmail.com', 'qxnuifoout'),
('2018266', 'X6', 'Avery', 'Avery@gmail.com', 'pvinxlqbgn'),
('2018267', 'X6', 'Sofia', 'Sofia@gmail.com', 'ljimylbwdt'),
('2018268', 'X6', 'Camila', 'Camila@gmail.com', 'xirrpyvchs'),
('2018269', 'X6', 'Aria', 'Aria@gmail.com', 'jykswupkzg'),
('201827', 'X1', 'Layla', 'Layla@gmail.com', 'stunvydago'),
('2018270', 'X6', 'Scarlett', 'Scarlett@gmail.com', 'qoaqzmojla'),
('2018271', 'X6', 'Victoria', 'Victoria@gmail.com', 'pjieftgplu'),
('2018272', 'X6', 'Madison', 'Madison@gmail.com', 'yrkwdbnyzk'),
('2018273', 'X6', 'Luna', 'Luna@gmail.com', 'eiyleafuoi'),
('2018274', 'X6', 'Grace', 'Grace@gmail.com', 'bjhdgwxgpr'),
('2018275', 'X6', 'Chloe', 'Chloe@gmail.com', 'qzleuwmkup'),
('2018276', 'X6', 'Penelope', 'Penelope@gmail.com', 'gntkykibfp'),
('2018277', 'X6', 'Layla', 'Layla@gmail.com', 'rchlpwjole'),
('2018278', 'X6', 'Riley', 'Riley@gmail.com', 'nrdvrsloaz'),
('2018279', 'X6', 'Zoey', 'Zoey@gmail.com', 'vkqelvmiaq'),
('201828', 'X1', 'Riley', 'Riley@gmail.com', 'bgicfwwafm'),
('2018280', 'X6', 'Nora', 'Nora@gmail.com', 'evuvskveie'),
('2018281', 'X6', 'Lily', 'Lily@gmail.com', 'edagghhvih'),
('2018282', 'X6', 'Eleanor', 'Eleanor@gmail.com', 'ctgvzcfqfa'),
('2018283', 'X6', 'Hannah', 'Hannah@gmail.com', 'aqqvisnieu'),
('2018284', 'X6', 'Lillian', 'Lillian@gmail.com', 'znsfpltgxo'),
('2018285', 'X6', 'Addison', 'Addison@gmail.com', 'ppyxsspert'),
('2018286', 'X6', 'Aubrey', 'Aubrey@gmail.com', 'xgmhvtlbkj'),
('2018287', 'X6', 'Ellie', 'Ellie@gmail.com', 'tccxsiazkt'),
('2018288', 'X6', 'Stella', 'Stella@gmail.com', 'sdactjvant'),
('2018289', 'X6', 'Natalie', 'Natalie@gmail.com', 'xrhgqyxatd'),
('201829', 'X1', 'Zoey', 'Zoey@gmail.com', 'rzbqvjzqhn'),
('2018290', 'X6', 'Zoe', 'Zoe@gmail.com', 'jbkfnuhoij'),
('2018291', 'X6', 'Leah', 'Leah@gmail.com', 'ywzloawmvc'),
('2018292', 'X6', 'Hazel', 'Hazel@gmail.com', 'kmzrofxhcv'),
('2018293', 'X6', 'Violet', 'Violet@gmail.com', 'bkqkvgnmeu'),
('2018294', 'X6', 'Aurora', 'Aurora@gmail.com', 'fokzzvfdtr'),
('2018295', 'X6', 'Savannah', 'Savannah@gmail.com', 'vmbyapxemb'),
('2018296', 'X6', 'Audrey', 'Audrey@gmail.com', 'oayooezspb'),
('2018297', 'X6', 'Brooklyn', 'Brooklyn@gmail.com', 'mnghwhxiux'),
('2018298', 'X6', 'Bella', 'Bella@gmail.com', 'flollreypr'),
('2018299', 'X6', 'Claire', 'Claire@gmail.com', 'oizskgfrnf'),
('20183', 'X1', 'Ava', 'Ava@gmail.com', 'rzkydlasyo'),
('201830', 'X1', 'Nora', 'Nora@gmail.com', 'bohdqallqy'),
('2018300', 'X6', 'Skylar', 'Skylar@gmail.com', 'koaomafdmn'),
('2018301', 'X7', 'Emma', 'Emma@gmail.com', 'nldfocatda'),
('2018302', 'X7', 'Olivia', 'Olivia@gmail.com', 'cmasgwgjjc'),
('2018303', 'X7', 'Ava', 'Ava@gmail.com', 'vxgjubeexe'),
('2018304', 'X7', 'Isabella', 'Isabella@gmail.com', 'ibnrcgopcv'),
('2018305', 'X7', 'Sophia', 'Sophia@gmail.com', 'ijpsffwtfp'),
('2018306', 'X7', 'Charlotte', 'Charlotte@gmail.com', 'npprudsjtq'),
('2018307', 'X7', 'Mia', 'Mia@gmail.com', 'awgeosmrgw'),
('2018308', 'X7', 'Amelia', 'Amelia@gmail.com', 'etdrzsanwu'),
('2018309', 'X7', 'Harper', 'Harper@gmail.com', 'viptxrbayu'),
('201831', 'X1', 'Lily', 'Lily@gmail.com', 'zgzjoxmngw'),
('2018310', 'X7', 'Evelyn', 'Evelyn@gmail.com', 'zbzryjapdh'),
('2018311', 'X7', 'Abigail', 'Abigail@gmail.com', 'jooyutmmhj'),
('2018312', 'X7', 'Emily', 'Emily@gmail.com', 'uqkgmlffud'),
('2018313', 'X7', 'Elizabeth', 'Elizabeth@gmail.com', 'meehbajghd'),
('2018314', 'X7', 'Mila', 'Mila@gmail.com', 'rtnftflsfm'),
('2018315', 'X7', 'Ella', 'Ella@gmail.com', 'hywqsgvegq'),
('2018316', 'X7', 'Avery', 'Avery@gmail.com', 'zljwpyaphq'),
('2018317', 'X7', 'Sofia', 'Sofia@gmail.com', 'drjfywkscf'),
('2018318', 'X7', 'Camila', 'Camila@gmail.com', 'dagmxvlnyy'),
('2018319', 'X7', 'Aria', 'Aria@gmail.com', 'qnfvoboavf'),
('201832', 'X1', 'Eleanor', 'Eleanor@gmail.com', 'uqctikuwey'),
('2018320', 'X7', 'Scarlett', 'Scarlett@gmail.com', 'shcfteztxf'),
('2018321', 'X7', 'Victoria', 'Victoria@gmail.com', 'ugvtumyvnd'),
('2018322', 'X7', 'Madison', 'Madison@gmail.com', 'qrtaxroygp'),
('2018323', 'X7', 'Luna', 'Luna@gmail.com', 'pcyfesooqn'),
('2018324', 'X7', 'Grace', 'Grace@gmail.com', 'mbnfwfpxop'),
('2018325', 'X7', 'Chloe', 'Chloe@gmail.com', 'ixvsawtgkt'),
('2018326', 'X7', 'Penelope', 'Penelope@gmail.com', 'vrcoihlqzi'),
('2018327', 'X7', 'Layla', 'Layla@gmail.com', 'fvstgfmfgo'),
('2018328', 'X7', 'Riley', 'Riley@gmail.com', 'nljuauopws'),
('2018329', 'X7', 'Zoey', 'Zoey@gmail.com', 'nlxpmukkja'),
('201833', 'X1', 'Hannah', 'Hannah@gmail.com', 'xughrrvhrn'),
('2018330', 'X7', 'Nora', 'Nora@gmail.com', 'dbboplocxo'),
('2018331', 'X7', 'Lily', 'Lily@gmail.com', 'wjiztjnrei'),
('2018332', 'X7', 'Eleanor', 'Eleanor@gmail.com', 'jllwedmyxr'),
('2018333', 'X7', 'Hannah', 'Hannah@gmail.com', 'sopzhqwpnf'),
('2018334', 'X7', 'Lillian', 'Lillian@gmail.com', 'kgtpjkiuxp'),
('2018335', 'X7', 'Addison', 'Addison@gmail.com', 'nspybvbpvi'),
('2018336', 'X7', 'Aubrey', 'Aubrey@gmail.com', 'pvsegcxpyh'),
('2018337', 'X7', 'Ellie', 'Ellie@gmail.com', 'ozyvclpnqn'),
('2018338', 'X7', 'Stella', 'Stella@gmail.com', 'vusydgqlcu'),
('2018339', 'X7', 'Natalie', 'Natalie@gmail.com', 'omhkvcxbti'),
('201834', 'X1', 'Lillian', 'Lillian@gmail.com', 'tirfqzexue'),
('2018340', 'X7', 'Zoe', 'Zoe@gmail.com', 'mikjueensh'),
('2018341', 'X7', 'Leah', 'Leah@gmail.com', 'lvrpxsopjj'),
('2018342', 'X7', 'Hazel', 'Hazel@gmail.com', 'riquurtyit'),
('2018343', 'X7', 'Violet', 'Violet@gmail.com', 'bgstchosul'),
('2018344', 'X7', 'Aurora', 'Aurora@gmail.com', 'kmyxamlgij'),
('2018345', 'X7', 'Savannah', 'Savannah@gmail.com', 'anaieqathr'),
('2018346', 'X7', 'Audrey', 'Audrey@gmail.com', 'uapsgthpia'),
('2018347', 'X7', 'Brooklyn', 'Brooklyn@gmail.com', 'zkpgcebncc'),
('2018348', 'X7', 'Bella', 'Bella@gmail.com', 'mapzauyxhh'),
('2018349', 'X7', 'Claire', 'Claire@gmail.com', 'zdjbvwdhbj'),
('201835', 'X1', 'Addison', 'Addison@gmail.com', 'ngeudeulom'),
('2018350', 'X7', 'Skylar', 'Skylar@gmail.com', 'emlitupzyp'),
('2018351', 'X8', 'Emma', 'Emma@gmail.com', 'akarnbakdq'),
('2018352', 'X8', 'Olivia', 'Olivia@gmail.com', 'udzquvbixj'),
('2018353', 'X8', 'Ava', 'Ava@gmail.com', 'laahbjygzk'),
('2018354', 'X8', 'Isabella', 'Isabella@gmail.com', 'tkyxwwkdbw'),
('2018355', 'X8', 'Sophia', 'Sophia@gmail.com', 'mqzuphffvh'),
('2018356', 'X8', 'Charlotte', 'Charlotte@gmail.com', 'tgkndswrft'),
('2018357', 'X8', 'Mia', 'Mia@gmail.com', 'dsxyioaahw'),
('2018358', 'X8', 'Amelia', 'Amelia@gmail.com', 'rqeeejwscu'),
('2018359', 'X8', 'Harper', 'Harper@gmail.com', 'pkgysucila'),
('201836', 'X1', 'Aubrey', 'Aubrey@gmail.com', 'mgvjltecbg'),
('2018360', 'X8', 'Evelyn', 'Evelyn@gmail.com', 'ylvzgiplds'),
('2018361', 'X8', 'Abigail', 'Abigail@gmail.com', 'whmkyloezp'),
('2018362', 'X8', 'Emily', 'Emily@gmail.com', 'efpfabbvbt'),
('2018363', 'X8', 'Elizabeth', 'Elizabeth@gmail.com', 'zvgfwaxuud'),
('2018364', 'X8', 'Mila', 'Mila@gmail.com', 'mfdupscnyx'),
('2018365', 'X8', 'Ella', 'Ella@gmail.com', 'gqxwbcqbml'),
('2018366', 'X8', 'Avery', 'Avery@gmail.com', 'jagnsmxztr'),
('2018367', 'X8', 'Sofia', 'Sofia@gmail.com', 'gujssmnsmn'),
('2018368', 'X8', 'Camila', 'Camila@gmail.com', 'leqxjzrgqi'),
('2018369', 'X8', 'Aria', 'Aria@gmail.com', 'zfwiuoxeyg'),
('201837', 'X1', 'Ellie', 'Ellie@gmail.com', 'zvsmvokbir'),
('2018370', 'X8', 'Scarlett', 'Scarlett@gmail.com', 'ueygxmxhre'),
('2018371', 'X8', 'Victoria', 'Victoria@gmail.com', 'npzptfrsnn'),
('2018372', 'X8', 'Madison', 'Madison@gmail.com', 'ccrjfldygz'),
('2018373', 'X8', 'Luna', 'Luna@gmail.com', 'runsmwqfod'),
('2018374', 'X8', 'Grace', 'Grace@gmail.com', 'zcempppocb'),
('2018375', 'X8', 'Chloe', 'Chloe@gmail.com', 'pghpvtqqko'),
('2018376', 'X8', 'Penelope', 'Penelope@gmail.com', 'dtdeltyomh'),
('2018377', 'X8', 'Layla', 'Layla@gmail.com', 'htlbvopkmb'),
('2018378', 'X8', 'Riley', 'Riley@gmail.com', 'esutmqdcyz'),
('2018379', 'X8', 'Zoey', 'Zoey@gmail.com', 'fqqcfmedcm'),
('201838', 'X1', 'Stella', 'Stella@gmail.com', 'ehmoprfqia'),
('2018380', 'X8', 'Nora', 'Nora@gmail.com', 'iglbdlirxa'),
('2018381', 'X8', 'Lily', 'Lily@gmail.com', 'afkpilrjdy'),
('2018382', 'X8', 'Eleanor', 'Eleanor@gmail.com', 'apxhlybedo'),
('2018383', 'X8', 'Hannah', 'Hannah@gmail.com', 'dsbzhycuac'),
('2018384', 'X8', 'Lillian', 'Lillian@gmail.com', 'czobsfmvfq'),
('2018385', 'X8', 'Addison', 'Addison@gmail.com', 'ojcrhrthgs'),
('2018386', 'X8', 'Aubrey', 'Aubrey@gmail.com', 'saqnbvzmkf'),
('2018387', 'X8', 'Ellie', 'Ellie@gmail.com', 'mxmtcneveg'),
('2018388', 'X8', 'Stella', 'Stella@gmail.com', 'lflhaetdnp'),
('2018389', 'X8', 'Natalie', 'Natalie@gmail.com', 'bzlfhywbzd'),
('201839', 'X1', 'Natalie', 'Natalie@gmail.com', 'tvgszamphv'),
('2018390', 'X8', 'Zoe', 'Zoe@gmail.com', 'xlpymxejzy'),
('2018391', 'X8', 'Leah', 'Leah@gmail.com', 'gupbsdpndd'),
('2018392', 'X8', 'Hazel', 'Hazel@gmail.com', 'okpehxysvf'),
('2018393', 'X8', 'Violet', 'Violet@gmail.com', 'pksozqswrv'),
('2018394', 'X8', 'Aurora', 'Aurora@gmail.com', 'kxmvutyexp'),
('2018395', 'X8', 'Savannah', 'Savannah@gmail.com', 'jpizklzgny'),
('2018396', 'X8', 'Audrey', 'Audrey@gmail.com', 'usdmdeclho'),
('2018397', 'X8', 'Brooklyn', 'Brooklyn@gmail.com', 'kaarbjsbhh'),
('2018398', 'X8', 'Bella', 'Bella@gmail.com', 'nhmpnxjfvf'),
('2018399', 'X8', 'Claire', 'Claire@gmail.com', 'xmgoiftscf'),
('20184', 'X1', 'Isabella', 'Isabella@gmail.com', 'iskhmawmay'),
('201840', 'X1', 'Zoe', 'Zoe@gmail.com', 'suuahrdnmf'),
('2018400', 'X8', 'Skylar', 'Skylar@gmail.com', 'bwemvfyazp'),
('2018401', 'X9', 'Emma', 'Emma@gmail.com', 'fznzgzwlzu'),
('2018402', 'X9', 'Olivia', 'Olivia@gmail.com', 'mjeercklhr'),
('2018403', 'X9', 'Ava', 'Ava@gmail.com', 'rmihwtyplv'),
('2018404', 'X9', 'Isabella', 'Isabella@gmail.com', 'zyhoucimfb'),
('2018405', 'X9', 'Sophia', 'Sophia@gmail.com', 'mggnnuwiji'),
('2018406', 'X9', 'Charlotte', 'Charlotte@gmail.com', 'omnxqigwnl'),
('2018407', 'X9', 'Mia', 'Mia@gmail.com', 'qyfbzgvnyz'),
('2018408', 'X9', 'Amelia', 'Amelia@gmail.com', 'yyllkxfkgz'),
('2018409', 'X9', 'Harper', 'Harper@gmail.com', 'rbcyoxrpom'),
('201841', 'X1', 'Leah', 'Leah@gmail.com', 'sibevjpduq'),
('2018410', 'X9', 'Evelyn', 'Evelyn@gmail.com', 'kdqoiddrzm'),
('2018411', 'X9', 'Abigail', 'Abigail@gmail.com', 'eudjeaqzmw'),
('2018412', 'X9', 'Emily', 'Emily@gmail.com', 'jdjhyhicvn'),
('2018413', 'X9', 'Elizabeth', 'Elizabeth@gmail.com', 'tijgmwuibu'),
('2018414', 'X9', 'Mila', 'Mila@gmail.com', 'xgveirashs'),
('2018415', 'X9', 'Ella', 'Ella@gmail.com', 'shfldhodjw'),
('2018416', 'X9', 'Avery', 'Avery@gmail.com', 'kezvzcjbyo'),
('2018417', 'X9', 'Sofia', 'Sofia@gmail.com', 'ehoqwfekat'),
('2018418', 'X9', 'Camila', 'Camila@gmail.com', 'xvswftibws'),
('2018419', 'X9', 'Aria', 'Aria@gmail.com', 'szivjnqjes'),
('201842', 'X1', 'Hazel', 'Hazel@gmail.com', 'bnihebudfv'),
('2018420', 'X9', 'Scarlett', 'Scarlett@gmail.com', 'fseeeiureu'),
('2018421', 'X9', 'Victoria', 'Victoria@gmail.com', 'udjnaerlfy'),
('2018422', 'X9', 'Madison', 'Madison@gmail.com', 'rayobdxoet'),
('2018423', 'X9', 'Luna', 'Luna@gmail.com', 'crwntuukso'),
('2018424', 'X9', 'Grace', 'Grace@gmail.com', 'mpijhwukfh'),
('2018425', 'X9', 'Chloe', 'Chloe@gmail.com', 'maxneitjzz'),
('2018426', 'X9', 'Penelope', 'Penelope@gmail.com', 'iljljlpewa'),
('2018427', 'X9', 'Layla', 'Layla@gmail.com', 'ngecwponbt'),
('2018428', 'X9', 'Riley', 'Riley@gmail.com', 'bfmxznkyfc'),
('2018429', 'X9', 'Zoey', 'Zoey@gmail.com', 'efcoqroncw'),
('201843', 'X1', 'Violet', 'Violet@gmail.com', 'ryobkmsmhk'),
('2018430', 'X9', 'Nora', 'Nora@gmail.com', 'jtaaqdtsyu'),
('2018431', 'X9', 'Lily', 'Lily@gmail.com', 'owdokqupfg'),
('2018432', 'X9', 'Eleanor', 'Eleanor@gmail.com', 'gscghhowep'),
('2018433', 'X9', 'Hannah', 'Hannah@gmail.com', 'melpexodsh'),
('2018434', 'X9', 'Lillian', 'Lillian@gmail.com', 'gxjnlerqnn'),
('2018435', 'X9', 'Addison', 'Addison@gmail.com', 'mzvpookypb'),
('2018436', 'X9', 'Aubrey', 'Aubrey@gmail.com', 'kzyzmbpgmn'),
('2018437', 'X9', 'Ellie', 'Ellie@gmail.com', 'lxnhviuvtp'),
('2018438', 'X9', 'Stella', 'Stella@gmail.com', 'clwjxsqicq'),
('2018439', 'X9', 'Natalie', 'Natalie@gmail.com', 'kcnyguedmx'),
('201844', 'X1', 'Aurora', 'Aurora@gmail.com', 'pzlfvaawdx'),
('2018440', 'X9', 'Zoe', 'Zoe@gmail.com', 'obogozxhdt'),
('2018441', 'X9', 'Leah', 'Leah@gmail.com', 'lqwrqtrede'),
('2018442', 'X9', 'Hazel', 'Hazel@gmail.com', 'dlzmzzofel'),
('2018443', 'X9', 'Violet', 'Violet@gmail.com', 'jdvzwpuqak'),
('2018444', 'X9', 'Aurora', 'Aurora@gmail.com', 'fpvzdkpbwg'),
('2018445', 'X9', 'Savannah', 'Savannah@gmail.com', 'bssuezklmi'),
('2018446', 'X9', 'Audrey', 'Audrey@gmail.com', 'dstqfuzmzq'),
('2018447', 'X9', 'Brooklyn', 'Brooklyn@gmail.com', 'mvznfunois'),
('2018448', 'X9', 'Bella', 'Bella@gmail.com', 'uuqzykdyws'),
('2018449', 'X9', 'Claire', 'Claire@gmail.com', 'yzrciykrzg'),
('201845', 'X1', 'Savannah', 'Savannah@gmail.com', 'bnwiidotvx'),
('2018450', 'X9', 'Skylar', 'Skylar@gmail.com', 'gbyjbdgnkv'),
('2018451', 'X10', 'Emma', 'Emma@gmail.com', 'gtrttwgext'),
('2018452', 'X10', 'Olivia', 'Olivia@gmail.com', 'gcmutlsjvv'),
('2018453', 'X10', 'Ava', 'Ava@gmail.com', 'sugadggpys'),
('2018454', 'X10', 'Isabella', 'Isabella@gmail.com', 'lonnykbwlk'),
('2018455', 'X10', 'Sophia', 'Sophia@gmail.com', 'nurqlxyqwq'),
('2018456', 'X10', 'Charlotte', 'Charlotte@gmail.com', 'peqvwyaayg'),
('2018457', 'X10', 'Mia', 'Mia@gmail.com', 'xscmnownbr'),
('2018458', 'X10', 'Amelia', 'Amelia@gmail.com', 'fhtnrlcxpq'),
('2018459', 'X10', 'Harper', 'Harper@gmail.com', 'nbxrtwdczz'),
('201846', 'X1', 'Audrey', 'Audrey@gmail.com', 'fhoqxfilow'),
('2018460', 'X10', 'Evelyn', 'Evelyn@gmail.com', 'zhfbcfzgmw'),
('2018461', 'X10', 'Abigail', 'Abigail@gmail.com', 'sisvyzfjek'),
('2018462', 'X10', 'Emily', 'Emily@gmail.com', 'geogjosnlo'),
('2018463', 'X10', 'Elizabeth', 'Elizabeth@gmail.com', 'dvlusbvlvk'),
('2018464', 'X10', 'Mila', 'Mila@gmail.com', 'lamxkwpzok'),
('2018465', 'X10', 'Ella', 'Ella@gmail.com', 'tzeukvdcse'),
('2018466', 'X10', 'Avery', 'Avery@gmail.com', 'kbvywrwqvu'),
('2018467', 'X10', 'Sofia', 'Sofia@gmail.com', 'uaarsgghzj'),
('2018468', 'X10', 'Camila', 'Camila@gmail.com', 'gqlapazpoi'),
('2018469', 'X10', 'Aria', 'Aria@gmail.com', 'ntlrkbnmvs'),
('201847', 'X1', 'Brooklyn', 'Brooklyn@gmail.com', 'eljopoters'),
('2018470', 'X10', 'Scarlett', 'Scarlett@gmail.com', 'drwasttfzc'),
('2018471', 'X10', 'Victoria', 'Victoria@gmail.com', 'wfddshpnun'),
('2018472', 'X10', 'Madison', 'Madison@gmail.com', 'ytmdosjbuq'),
('2018473', 'X10', 'Luna', 'Luna@gmail.com', 'potfytbiaf'),
('2018474', 'X10', 'Grace', 'Grace@gmail.com', 'eiewzmqfor'),
('2018475', 'X10', 'Chloe', 'Chloe@gmail.com', 'ehpqsvzxse'),
('2018476', 'X10', 'Penelope', 'Penelope@gmail.com', 'fhqbkixtlq'),
('2018477', 'X10', 'Layla', 'Layla@gmail.com', 'pzblylwugr'),
('2018478', 'X10', 'Riley', 'Riley@gmail.com', 'kkiewwvpad'),
('2018479', 'X10', 'Zoey', 'Zoey@gmail.com', 'apqenszwjy'),
('201848', 'X1', 'Bella', 'Bella@gmail.com', 'iohyqgqrhr'),
('2018480', 'X10', 'Nora', 'Nora@gmail.com', 'djgsfsspbu'),
('2018481', 'X10', 'Lily', 'Lily@gmail.com', 'ephlebjxgu'),
('2018482', 'X10', 'Eleanor', 'Eleanor@gmail.com', 'szkgcqirey'),
('2018483', 'X10', 'Hannah', 'Hannah@gmail.com', 'lubimkwdso'),
('2018484', 'X10', 'Lillian', 'Lillian@gmail.com', 'pbstmikgtu'),
('2018485', 'X10', 'Addison', 'Addison@gmail.com', 'spqiigpxdb'),
('2018486', 'X10', 'Aubrey', 'Aubrey@gmail.com', 'bkpzdrszbg'),
('2018487', 'X10', 'Ellie', 'Ellie@gmail.com', 'mfxrtkasua'),
('2018488', 'X10', 'Stella', 'Stella@gmail.com', 'lquzpzebtm'),
('2018489', 'X10', 'Natalie', 'Natalie@gmail.com', 'kctatfgjkm'),
('201849', 'X1', 'Claire', 'Claire@gmail.com', 'dwgbpvnxcx'),
('2018490', 'X10', 'Zoe', 'Zoe@gmail.com', 'iuertvpoib'),
('2018491', 'X10', 'Leah', 'Leah@gmail.com', 'eimwdahejj'),
('2018492', 'X10', 'Hazel', 'Hazel@gmail.com', 'hvatilhdxn'),
('2018493', 'X10', 'Violet', 'Violet@gmail.com', 'lizmgvoqvl'),
('2018494', 'X10', 'Aurora', 'Aurora@gmail.com', 'nrblneaylk'),
('2018495', 'X10', 'Savannah', 'Savannah@gmail.com', 'garhgkevgn'),
('2018496', 'X10', 'Audrey', 'Audrey@gmail.com', 'yyaoepxarc'),
('2018497', 'X10', 'Brooklyn', 'Brooklyn@gmail.com', 'qnouxnfbji'),
('2018498', 'X10', 'Bella', 'Bella@gmail.com', 'jjdqvizcqv'),
('2018499', 'X10', 'Claire', 'Claire@gmail.com', 'djdgvedcge'),
('20185', 'X1', 'Sophia', 'Sophia@gmail.com', 'wtihdodiqy'),
('201850', 'X1', 'Skylar', 'Skylar@gmail.com', 'uyusydyeof'),
('2018500', 'X10', 'Skylar', 'Skylar@gmail.com', 'dmnsudfhjn'),
('2018501', 'X11', 'Emma', 'Emma@gmail.com', 'wefhivzmmt'),
('2018502', 'X11', 'Olivia', 'Olivia@gmail.com', 'rrtznklbqp'),
('2018503', 'X11', 'Ava', 'Ava@gmail.com', 'nxqiuknxeb'),
('2018504', 'X11', 'Isabella', 'Isabella@gmail.com', 'ovoefosboe'),
('2018505', 'X11', 'Sophia', 'Sophia@gmail.com', 'rojvaoigmv'),
('2018506', 'X11', 'Charlotte', 'Charlotte@gmail.com', 'vffgfedxdm'),
('2018507', 'X11', 'Mia', 'Mia@gmail.com', 'yhkkamjgzw'),
('2018508', 'X11', 'Amelia', 'Amelia@gmail.com', 'ijkjhegezo'),
('2018509', 'X11', 'Harper', 'Harper@gmail.com', 'qantyaxelh'),
('201851', 'X2', 'Emma', 'Emma@gmail.com', 'vpjeggokiq'),
('2018510', 'X11', 'Evelyn', 'Evelyn@gmail.com', 'humyboyeml'),
('2018511', 'X11', 'Abigail', 'Abigail@gmail.com', 'mfmerxtwye'),
('2018512', 'X11', 'Emily', 'Emily@gmail.com', 'lgdvtbaadw'),
('2018513', 'X11', 'Elizabeth', 'Elizabeth@gmail.com', 'fongvfvieu'),
('2018514', 'X11', 'Mila', 'Mila@gmail.com', 'rfzyeqcbhv'),
('2018515', 'X11', 'Ella', 'Ella@gmail.com', 'qohquegtmb'),
('2018516', 'X11', 'Avery', 'Avery@gmail.com', 'wdilqmvhqu'),
('2018517', 'X11', 'Sofia', 'Sofia@gmail.com', 'kofgyepqpk'),
('2018518', 'X11', 'Camila', 'Camila@gmail.com', 'dgjsqohexo'),
('2018519', 'X11', 'Aria', 'Aria@gmail.com', 'dnyzlwnwly'),
('201852', 'X2', 'Olivia', 'Olivia@gmail.com', 'rlsqmtuylm'),
('2018520', 'X11', 'Scarlett', 'Scarlett@gmail.com', 'gqbzfysqyg'),
('2018521', 'X11', 'Victoria', 'Victoria@gmail.com', 'ywiqnctayj'),
('2018522', 'X11', 'Madison', 'Madison@gmail.com', 'nfoxsnltri'),
('2018523', 'X11', 'Luna', 'Luna@gmail.com', 'rnoqrgdjqn'),
('2018524', 'X11', 'Grace', 'Grace@gmail.com', 'cyguufuewx'),
('2018525', 'X11', 'Chloe', 'Chloe@gmail.com', 'thrlaztzct'),
('2018526', 'X11', 'Penelope', 'Penelope@gmail.com', 'cjczgudpxt'),
('2018527', 'X11', 'Layla', 'Layla@gmail.com', 'qpbhbvfiyr'),
('2018528', 'X11', 'Riley', 'Riley@gmail.com', 'gmiwjdgqko'),
('2018529', 'X11', 'Zoey', 'Zoey@gmail.com', 'vmcqfnvuoc'),
('201853', 'X2', 'Ava', 'Ava@gmail.com', 'eobtiihodp'),
('2018530', 'X11', 'Nora', 'Nora@gmail.com', 'aowzirqbyx'),
('2018531', 'X11', 'Lily', 'Lily@gmail.com', 'kekacvelyr'),
('2018532', 'X11', 'Eleanor', 'Eleanor@gmail.com', 'nellsdvdyj'),
('2018533', 'X11', 'Hannah', 'Hannah@gmail.com', 'asvnspswba'),
('2018534', 'X11', 'Lillian', 'Lillian@gmail.com', 'rlgawerzmr'),
('2018535', 'X11', 'Addison', 'Addison@gmail.com', 'hcgpxnlnrv'),
('2018536', 'X11', 'Aubrey', 'Aubrey@gmail.com', 'lkfwsitonu'),
('2018537', 'X11', 'Ellie', 'Ellie@gmail.com', 'jrusjnejvb'),
('2018538', 'X11', 'Stella', 'Stella@gmail.com', 'hiaatcogee'),
('2018539', 'X11', 'Natalie', 'Natalie@gmail.com', 'zaxffrwcmb'),
('201854', 'X2', 'Isabella', 'Isabella@gmail.com', 'ysaafpulqg'),
('2018540', 'X11', 'Zoe', 'Zoe@gmail.com', 'xmblkkcnyx'),
('2018541', 'X11', 'Leah', 'Leah@gmail.com', 'dtsamdiyui'),
('2018542', 'X11', 'Hazel', 'Hazel@gmail.com', 'hfiyuldsot'),
('2018543', 'X11', 'Violet', 'Violet@gmail.com', 'tiiwisddxt'),
('2018544', 'X11', 'Aurora', 'Aurora@gmail.com', 'ptzsfaoivj'),
('2018545', 'X11', 'Savannah', 'Savannah@gmail.com', 'xvuwocdoga'),
('2018546', 'X11', 'Audrey', 'Audrey@gmail.com', 'qrqzdygkfd'),
('2018547', 'X11', 'Brooklyn', 'Brooklyn@gmail.com', 'dqydlfdafw'),
('2018548', 'X11', 'Bella', 'Bella@gmail.com', 'nqnbhakgyd'),
('2018549', 'X11', 'Claire', 'Claire@gmail.com', 'tjmczpbpaj'),
('201855', 'X2', 'Sophia', 'Sophia@gmail.com', 'vlsydcjaox'),
('2018550', 'X11', 'Skylar', 'Skylar@gmail.com', 'twotoyghqa'),
('2018551', 'X12', 'Emma', 'Emma@gmail.com', 'eijeemjbhf'),
('2018552', 'X12', 'Olivia', 'Olivia@gmail.com', 'bupgylnmps'),
('2018553', 'X12', 'Ava', 'Ava@gmail.com', 'lvamyvguxw'),
('2018554', 'X12', 'Isabella', 'Isabella@gmail.com', 'vmkjadxywt'),
('2018555', 'X12', 'Sophia', 'Sophia@gmail.com', 'botuyjrtfi'),
('2018556', 'X12', 'Charlotte', 'Charlotte@gmail.com', 'pyplgdselu'),
('2018557', 'X12', 'Mia', 'Mia@gmail.com', 'jvvbdauozq'),
('2018558', 'X12', 'Amelia', 'Amelia@gmail.com', 'jxnwuwimdl'),
('2018559', 'X12', 'Harper', 'Harper@gmail.com', 'mdmiyludsu'),
('201856', 'X2', 'Charlotte', 'Charlotte@gmail.com', 'soojeutnxa'),
('2018560', 'X12', 'Evelyn', 'Evelyn@gmail.com', 'rncibudcgn'),
('2018561', 'X12', 'Abigail', 'Abigail@gmail.com', 'gpawaijyfi'),
('2018562', 'X12', 'Emily', 'Emily@gmail.com', 'kzoossscjj'),
('2018563', 'X12', 'Elizabeth', 'Elizabeth@gmail.com', 'jfnvrdsmsf'),
('2018564', 'X12', 'Mila', 'Mila@gmail.com', 'ktxlgvqmqh'),
('2018565', 'X12', 'Ella', 'Ella@gmail.com', 'zgvkubiqwx'),
('2018566', 'X12', 'Avery', 'Avery@gmail.com', 'bedajqxppl'),
('2018567', 'X12', 'Sofia', 'Sofia@gmail.com', 'pvtdgxrtdj'),
('2018568', 'X12', 'Camila', 'Camila@gmail.com', 'jhepavuzpa'),
('2018569', 'X12', 'Aria', 'Aria@gmail.com', 'thdrrufnsc'),
('201857', 'X2', 'Mia', 'Mia@gmail.com', 'vdvdtxdwov'),
('2018570', 'X12', 'Scarlett', 'Scarlett@gmail.com', 'haqtxmwydq'),
('2018571', 'X12', 'Victoria', 'Victoria@gmail.com', 'pkkaqveuzi'),
('2018572', 'X12', 'Madison', 'Madison@gmail.com', 'jfkkhahaef'),
('2018573', 'X12', 'Luna', 'Luna@gmail.com', 'kzlzoyamgq'),
('2018574', 'X12', 'Grace', 'Grace@gmail.com', 'ttcwhvosvr'),
('2018575', 'X12', 'Chloe', 'Chloe@gmail.com', 'pubzeodrxa'),
('2018576', 'X12', 'Penelope', 'Penelope@gmail.com', 'dwiygavnwh'),
('2018577', 'X12', 'Layla', 'Layla@gmail.com', 'avnxicmise'),
('2018578', 'X12', 'Riley', 'Riley@gmail.com', 'uycxdxfiec'),
('2018579', 'X12', 'Zoey', 'Zoey@gmail.com', 'bvsmszjssj'),
('201858', 'X2', 'Amelia', 'Amelia@gmail.com', 'ljlimguser'),
('2018580', 'X12', 'Nora', 'Nora@gmail.com', 'okkcvomaso'),
('2018581', 'X12', 'Lily', 'Lily@gmail.com', 'utjkuuxpbc'),
('2018582', 'X12', 'Eleanor', 'Eleanor@gmail.com', 'rvbejfssjx'),
('2018583', 'X12', 'Hannah', 'Hannah@gmail.com', 'wgnevabymq'),
('2018584', 'X12', 'Lillian', 'Lillian@gmail.com', 'fpafxhfylz'),
('2018585', 'X12', 'Addison', 'Addison@gmail.com', 'dbeoaxscrm'),
('2018586', 'X12', 'Aubrey', 'Aubrey@gmail.com', 'ihcygdvvjl'),
('2018587', 'X12', 'Ellie', 'Ellie@gmail.com', 'ddjnuqpzyd'),
('2018588', 'X12', 'Stella', 'Stella@gmail.com', 'skipgigrjr'),
('2018589', 'X12', 'Natalie', 'Natalie@gmail.com', 'jpwmcrzetk'),
('201859', 'X2', 'Harper', 'Harper@gmail.com', 'plobbkufti'),
('2018590', 'X12', 'Zoe', 'Zoe@gmail.com', 'mggleeahjx'),
('2018591', 'X12', 'Leah', 'Leah@gmail.com', 'odsonhplip'),
('2018592', 'X12', 'Hazel', 'Hazel@gmail.com', 'mslzlinvhd'),
('2018593', 'X12', 'Violet', 'Violet@gmail.com', 'ofpiojgudc'),
('2018594', 'X12', 'Aurora', 'Aurora@gmail.com', 'ncrculgoir'),
('2018595', 'X12', 'Savannah', 'Savannah@gmail.com', 'cmztcnbviy'),
('2018596', 'X12', 'Audrey', 'Audrey@gmail.com', 'iklchhrqfk'),
('2018597', 'X12', 'Brooklyn', 'Brooklyn@gmail.com', 'bqbrgcolcr'),
('2018598', 'X12', 'Bella', 'Bella@gmail.com', 'vodftrmygp'),
('2018599', 'X12', 'Claire', 'Claire@gmail.com', 'wjbycaifqo'),
('20186', 'X1', 'Charlotte', 'Charlotte@gmail.com', 'sockcavhib'),
('201860', 'X2', 'Evelyn', 'Evelyn@gmail.com', 'gjaxjklpav'),
('2018600', 'X12', 'Skylar', 'Skylar@gmail.com', 'llsngkqimp'),
('2018601', 'X13', 'Emma', 'Emma@gmail.com', 'eittxluplc'),
('2018602', 'X13', 'Olivia', 'Olivia@gmail.com', 'jwkkidhkce'),
('2018603', 'X13', 'Ava', 'Ava@gmail.com', 'kfqwipptko'),
('2018604', 'X13', 'Isabella', 'Isabella@gmail.com', 'swffxuisxt'),
('2018605', 'X13', 'Sophia', 'Sophia@gmail.com', 'cmhmvnaehd'),
('2018606', 'X13', 'Charlotte', 'Charlotte@gmail.com', 'aizpyugaep'),
('2018607', 'X13', 'Mia', 'Mia@gmail.com', 'dseswbfson'),
('2018608', 'X13', 'Amelia', 'Amelia@gmail.com', 'wopkqojzjt'),
('2018609', 'X13', 'Harper', 'Harper@gmail.com', 'arjvyzuneo'),
('201861', 'X2', 'Abigail', 'Abigail@gmail.com', 'lenmsxbqxc'),
('2018610', 'X13', 'Evelyn', 'Evelyn@gmail.com', 'prryqjgxtf'),
('2018611', 'X13', 'Abigail', 'Abigail@gmail.com', 'myxdknskun'),
('2018612', 'X13', 'Emily', 'Emily@gmail.com', 'waiotbhtvm'),
('2018613', 'X13', 'Elizabeth', 'Elizabeth@gmail.com', 'ezkxgxsiai'),
('2018614', 'X13', 'Mila', 'Mila@gmail.com', 'berznkprut'),
('2018615', 'X13', 'Ella', 'Ella@gmail.com', 'yccihlzaol'),
('2018616', 'X13', 'Avery', 'Avery@gmail.com', 'wwzhumgkon'),
('2018617', 'X13', 'Sofia', 'Sofia@gmail.com', 'czqcdoqrbq'),
('2018618', 'X13', 'Camila', 'Camila@gmail.com', 'oqqvenypot'),
('2018619', 'X13', 'Aria', 'Aria@gmail.com', 'htothmdneo'),
('201862', 'X2', 'Emily', 'Emily@gmail.com', 'ijkxweuzez'),
('2018620', 'X13', 'Scarlett', 'Scarlett@gmail.com', 'siapbhrhkz'),
('2018621', 'X13', 'Victoria', 'Victoria@gmail.com', 'rcyhscxdys'),
('2018622', 'X13', 'Madison', 'Madison@gmail.com', 'xklfisuwtl'),
('2018623', 'X13', 'Luna', 'Luna@gmail.com', 'pizkbjtnzn'),
('2018624', 'X13', 'Grace', 'Grace@gmail.com', 'hsmmhdeaiv'),
('2018625', 'X13', 'Chloe', 'Chloe@gmail.com', 'mzigfipdpy'),
('2018626', 'X13', 'Penelope', 'Penelope@gmail.com', 'fvaakzfhai'),
('2018627', 'X13', 'Layla', 'Layla@gmail.com', 'oryilhuoiw'),
('2018628', 'X13', 'Riley', 'Riley@gmail.com', 'mupkbfmcmm'),
('2018629', 'X13', 'Zoey', 'Zoey@gmail.com', 'azlehvgpgy'),
('201863', 'X2', 'Elizabeth', 'Elizabeth@gmail.com', 'vgigvkodoj'),
('2018630', 'X13', 'Nora', 'Nora@gmail.com', 'uwfrkuyhqo'),
('2018631', 'X13', 'Lily', 'Lily@gmail.com', 'kcxzeofcrz'),
('2018632', 'X13', 'Eleanor', 'Eleanor@gmail.com', 'vgfsmtuasu'),
('2018633', 'X13', 'Hannah', 'Hannah@gmail.com', 'nvorauktuj'),
('2018634', 'X13', 'Lillian', 'Lillian@gmail.com', 'slvqgarzik'),
('2018635', 'X13', 'Addison', 'Addison@gmail.com', 'oxxboiijrr'),
('2018636', 'X13', 'Aubrey', 'Aubrey@gmail.com', 'lleikgsmov'),
('2018637', 'X13', 'Ellie', 'Ellie@gmail.com', 'nrqiqfcgit'),
('2018638', 'X13', 'Stella', 'Stella@gmail.com', 'jddyiowhzx'),
('2018639', 'X13', 'Natalie', 'Natalie@gmail.com', 'qtbqpdhulr'),
('201864', 'X2', 'Mila', 'Mila@gmail.com', 'oeskgittzu'),
('2018640', 'X13', 'Zoe', 'Zoe@gmail.com', 'piaoxgrtmh'),
('2018641', 'X13', 'Leah', 'Leah@gmail.com', 'allpbodsmt'),
('2018642', 'X13', 'Hazel', 'Hazel@gmail.com', 'iypwypolyz'),
('2018643', 'X13', 'Violet', 'Violet@gmail.com', 'xbxdiqevnv'),
('2018644', 'X13', 'Aurora', 'Aurora@gmail.com', 'squgkypkbn'),
('2018645', 'X13', 'Savannah', 'Savannah@gmail.com', 'fnsncarvqf'),
('2018646', 'X13', 'Audrey', 'Audrey@gmail.com', 'lsqrgarzlr'),
('2018647', 'X13', 'Brooklyn', 'Brooklyn@gmail.com', 'ltnvpxkgzv'),
('2018648', 'X13', 'Bella', 'Bella@gmail.com', 'zsupowrrvc'),
('2018649', 'X13', 'Claire', 'Claire@gmail.com', 'tumuxzcpfh'),
('201865', 'X2', 'Ella', 'Ella@gmail.com', 'sxkboucaud'),
('2018650', 'X13', 'Skylar', 'Skylar@gmail.com', 'ifpbkpewyw'),
('201866', 'X2', 'Avery', 'Avery@gmail.com', 'uartztrlmo'),
('201867', 'X2', 'Sofia', 'Sofia@gmail.com', 'hnizimbixe'),
('201868', 'X2', 'Camila', 'Camila@gmail.com', 'tdoecyvjjk'),
('201869', 'X2', 'Aria', 'Aria@gmail.com', 'dieqwqwswy'),
('20187', 'X1', 'Mia', 'Mia@gmail.com', 'wysbaflazj'),
('201870', 'X2', 'Scarlett', 'Scarlett@gmail.com', 'sqenezsrfd'),
('201871', 'X2', 'Victoria', 'Victoria@gmail.com', 'ozpfoaevix'),
('201872', 'X2', 'Madison', 'Madison@gmail.com', 'cplktuyeji'),
('201873', 'X2', 'Luna', 'Luna@gmail.com', 'gizijajzym'),
('201874', 'X2', 'Grace', 'Grace@gmail.com', 'hbqjhkimve'),
('201875', 'X2', 'Chloe', 'Chloe@gmail.com', 'xsbesfgksx'),
('201876', 'X2', 'Penelope', 'Penelope@gmail.com', 'fmaraqvwlo'),
('201877', 'X2', 'Layla', 'Layla@gmail.com', 'ewirgqhtgu'),
('201878', 'X2', 'Riley', 'Riley@gmail.com', 'sixjvxwkgz'),
('201879', 'X2', 'Zoey', 'Zoey@gmail.com', 'ktrfawwlge'),
('20188', 'X1', 'Amelia', 'Amelia@gmail.com', 'wdimqxottq'),
('201880', 'X2', 'Nora', 'Nora@gmail.com', 'xadluymmoy'),
('201881', 'X2', 'Lily', 'Lily@gmail.com', 'dxuushkuop'),
('201882', 'X2', 'Eleanor', 'Eleanor@gmail.com', 'gofrfsvxnc'),
('201883', 'X2', 'Hannah', 'Hannah@gmail.com', 'jjckdvpijh'),
('201884', 'X2', 'Lillian', 'Lillian@gmail.com', 'ytyuiymmxn'),
('201885', 'X2', 'Addison', 'Addison@gmail.com', 'ijtxrhxhdi'),
('201886', 'X2', 'Aubrey', 'Aubrey@gmail.com', 'mqrzxpfkih'),
('201887', 'X2', 'Ellie', 'Ellie@gmail.com', 'sezrwkxbps'),
('201888', 'X2', 'Stella', 'Stella@gmail.com', 'ngugviusge'),
('201889', 'X2', 'Natalie', 'Natalie@gmail.com', 'aubyaxlavy'),
('20189', 'X1', 'Harper', 'Harper@gmail.com', 'bbszmvgnfq'),
('201890', 'X2', 'Zoe', 'Zoe@gmail.com', 'srabpffvkm'),
('201891', 'X2', 'Leah', 'Leah@gmail.com', 'rfxsdjjhiq'),
('201892', 'X2', 'Hazel', 'Hazel@gmail.com', 'dgrbrnsghk'),
('201893', 'X2', 'Violet', 'Violet@gmail.com', 'nqkaqfoedv'),
('201894', 'X2', 'Aurora', 'Aurora@gmail.com', 'yyeijmbfso'),
('201895', 'X2', 'Savannah', 'Savannah@gmail.com', 'fneyfqqrub'),
('201896', 'X2', 'Audrey', 'Audrey@gmail.com', 'pkmulxazaj'),
('201897', 'X2', 'Brooklyn', 'Brooklyn@gmail.com', 'dqrduqsfwt'),
('201898', 'X2', 'Bella', 'Bella@gmail.com', 'bvkcjlgtwj'),
('201899', 'X2', 'Claire', 'Claire@gmail.com', 'ajhixqknyh');

-- --------------------------------------------------------

--
-- Table structure for table `tbl_validasi`
--

CREATE TABLE `tbl_validasi` (
  `id_validasi` int(10) UNSIGNED NOT NULL,
  `id_absen` int(10) UNSIGNED NOT NULL,
  `id_guru` varchar(10) NOT NULL,
  `waktu_validasi` datetime NOT NULL DEFAULT current_timestamp()
) ENGINE=InnoDB DEFAULT CHARSET=latin1;

--
-- Dumping data for table `tbl_validasi`
--

INSERT INTO `tbl_validasi` (`id_validasi`, `id_absen`, `id_guru`, `waktu_validasi`) VALUES
(605, 551, '30123', '2020-03-16 20:03:29'),
(606, 552, '30123', '2020-03-16 20:03:29'),
(607, 553, '30123', '2020-03-16 20:03:29'),
(608, 554, '30123', '2020-03-16 20:03:29'),
(609, 555, '30123', '2020-03-16 20:03:29'),
(610, 556, '30123', '2020-03-16 20:03:29'),
(611, 557, '30123', '2020-03-16 20:03:29'),
(612, 558, '30123', '2020-03-16 20:03:29'),
(613, 559, '30123', '2020-03-16 20:03:29'),
(614, 560, '30123', '2020-03-16 20:03:29'),
(615, 561, '30123', '2020-03-16 20:03:29'),
(616, 562, '30123', '2020-03-16 20:03:29'),
(617, 563, '30123', '2020-03-16 20:03:29'),
(618, 564, '30123', '2020-03-16 20:03:29'),
(619, 565, '30123', '2020-03-16 20:03:29'),
(620, 566, '30123', '2020-03-16 20:03:29'),
(621, 567, '30123', '2020-03-16 20:03:29'),
(622, 568, '30123', '2020-03-16 20:03:29'),
(623, 569, '30123', '2020-03-16 20:03:29'),
(624, 570, '30123', '2020-03-16 20:03:29'),
(625, 571, '30123', '2020-03-16 20:03:29'),
(626, 572, '30123', '2020-03-16 20:03:29'),
(627, 573, '30123', '2020-03-16 20:03:29'),
(628, 574, '30123', '2020-03-16 20:03:29'),
(629, 575, '30123', '2020-03-16 20:03:29'),
(630, 576, '30123', '2020-03-16 20:03:29'),
(631, 577, '30123', '2020-03-16 20:03:29'),
(632, 578, '30123', '2020-03-16 20:03:29'),
(633, 579, '30123', '2020-03-16 20:03:29'),
(634, 580, '30123', '2020-03-16 20:03:29'),
(635, 581, '30123', '2020-03-16 20:03:29'),
(636, 582, '30123', '2020-03-16 20:03:29'),
(637, 583, '30123', '2020-03-16 20:03:29'),
(638, 584, '30123', '2020-03-16 20:03:29'),
(639, 585, '30123', '2020-03-16 20:03:29'),
(640, 586, '30123', '2020-03-16 20:03:29'),
(641, 587, '30123', '2020-03-16 20:03:29'),
(642, 588, '30123', '2020-03-16 20:03:29'),
(643, 589, '30123', '2020-03-16 20:03:29'),
(644, 590, '30123', '2020-03-16 20:03:29'),
(645, 591, '30123', '2020-03-16 20:03:29'),
(646, 592, '30123', '2020-03-16 20:03:29'),
(647, 593, '30123', '2020-03-16 20:03:29'),
(648, 594, '30123', '2020-03-16 20:03:29'),
(649, 595, '30123', '2020-03-16 20:03:29'),
(650, 596, '30123', '2020-03-16 20:03:29'),
(651, 597, '30123', '2020-03-16 20:03:29'),
(652, 598, '30123', '2020-03-16 20:03:29'),
(653, 599, '30123', '2020-03-16 20:03:29'),
(654, 600, '30123', '2020-03-16 20:03:29'),
(655, 601, '30123', '2020-03-16 20:03:29'),
(656, 602, '30123', '2020-03-16 20:03:29'),
(657, 603, '30123', '2020-03-16 20:03:29'),
(658, 604, '30123', '2020-03-16 20:03:29'),
(659, 605, '30123', '2020-03-16 20:03:29'),
(660, 606, '30123', '2020-03-16 20:03:29'),
(661, 607, '30123', '2020-03-16 20:03:29'),
(662, 608, '30123', '2020-03-16 20:03:29'),
(663, 609, '30123', '2020-03-16 20:03:29'),
(664, 610, '30123', '2020-03-16 20:03:29'),
(665, 611, '30123', '2020-03-16 20:03:29'),
(666, 612, '30123', '2020-03-16 20:03:29'),
(667, 613, '30123', '2020-03-16 20:03:29'),
(668, 614, '30123', '2020-03-16 20:03:29'),
(669, 615, '30123', '2020-03-16 20:03:29'),
(670, 616, '30123', '2020-03-16 20:03:29'),
(671, 617, '30123', '2020-03-16 20:03:29'),
(672, 618, '30123', '2020-03-16 20:03:29'),
(673, 619, '30123', '2020-03-16 20:03:29'),
(674, 620, '30123', '2020-03-16 20:03:29'),
(675, 621, '30123', '2020-03-16 20:03:29'),
(676, 622, '30123', '2020-03-16 20:03:29'),
(677, 623, '30123', '2020-03-16 20:03:29'),
(678, 624, '30123', '2020-03-16 20:03:29'),
(679, 625, '30123', '2020-03-16 20:03:29'),
(680, 626, '30123', '2020-03-16 20:03:29'),
(681, 627, '30123', '2020-03-16 20:03:29'),
(682, 628, '30123', '2020-03-16 20:03:29'),
(683, 629, '30123', '2020-03-16 20:03:29'),
(684, 630, '30123', '2020-03-16 20:03:29'),
(685, 631, '30123', '2020-03-16 20:03:29'),
(686, 632, '30123', '2020-03-16 20:03:29'),
(687, 633, '30123', '2020-03-16 20:03:29'),
(688, 634, '30123', '2020-03-16 20:03:29'),
(689, 635, '30123', '2020-03-16 20:03:30'),
(690, 636, '30123', '2020-03-16 20:03:30'),
(691, 637, '30123', '2020-03-16 20:03:30'),
(692, 638, '30123', '2020-03-16 20:03:30'),
(693, 639, '30123', '2020-03-16 20:03:30'),
(694, 640, '30123', '2020-03-16 20:03:30'),
(695, 641, '30123', '2020-03-16 20:03:30'),
(696, 642, '30123', '2020-03-16 20:03:30'),
(697, 643, '30123', '2020-03-16 20:03:30'),
(698, 644, '30123', '2020-03-16 20:03:30'),
(699, 645, '30123', '2020-03-16 20:03:30'),
(700, 646, '30123', '2020-03-16 20:03:30'),
(701, 647, '30123', '2020-03-16 20:03:30'),
(702, 648, '30123', '2020-03-16 20:03:30'),
(703, 649, '30123', '2020-03-16 20:03:30'),
(704, 650, '30123', '2020-03-16 20:03:30'),
(705, 651, '30123', '2020-03-16 20:03:30'),
(706, 652, '30123', '2020-03-16 20:03:30'),
(707, 653, '30123', '2020-03-16 20:03:30'),
(708, 654, '30123', '2020-03-16 20:03:30'),
(709, 655, '30123', '2020-03-16 20:03:30'),
(710, 656, '30123', '2020-03-16 20:03:30'),
(711, 657, '30123', '2020-03-16 20:03:30'),
(712, 658, '30123', '2020-03-16 20:03:30'),
(713, 659, '30123', '2020-03-16 20:03:30'),
(714, 660, '30123', '2020-03-16 20:03:30'),
(715, 661, '30123', '2020-03-16 20:03:30'),
(716, 662, '30123', '2020-03-16 20:03:30'),
(717, 663, '30123', '2020-03-16 20:03:30'),
(718, 664, '30123', '2020-03-16 20:03:30'),
(719, 665, '30123', '2020-03-16 20:03:30'),
(720, 666, '30123', '2020-03-16 20:03:30'),
(721, 667, '30123', '2020-03-16 20:03:30'),
(722, 668, '30123', '2020-03-16 20:03:30'),
(723, 669, '30123', '2020-03-16 20:03:30'),
(724, 670, '30123', '2020-03-16 20:03:30'),
(725, 671, '30123', '2020-03-16 20:03:30'),
(726, 672, '30123', '2020-03-16 20:03:30'),
(727, 673, '30123', '2020-03-16 20:03:30'),
(728, 674, '30123', '2020-03-16 20:03:30'),
(729, 675, '30123', '2020-03-16 20:03:30'),
(730, 676, '30123', '2020-03-16 20:03:30'),
(731, 677, '30123', '2020-03-16 20:03:30'),
(732, 678, '30123', '2020-03-16 20:03:30'),
(733, 679, '30123', '2020-03-16 20:03:30'),
(734, 680, '30123', '2020-03-16 20:03:30'),
(735, 681, '30123', '2020-03-16 20:03:30'),
(736, 682, '30123', '2020-03-16 20:03:30'),
(737, 683, '30123', '2020-03-16 20:03:30'),
(738, 684, '30123', '2020-03-16 20:03:30'),
(739, 685, '30123', '2020-03-16 20:03:30'),
(740, 686, '30123', '2020-03-16 20:03:30'),
(741, 687, '30123', '2020-03-16 20:03:30'),
(742, 688, '30123', '2020-03-16 20:03:30'),
(743, 689, '30123', '2020-03-16 20:03:30'),
(744, 690, '30123', '2020-03-16 20:03:30'),
(745, 691, '30123', '2020-03-16 20:03:30'),
(746, 692, '30123', '2020-03-16 20:03:30'),
(747, 693, '30123', '2020-03-16 20:03:30'),
(748, 694, '30123', '2020-03-16 20:03:30'),
(749, 695, '30123', '2020-03-16 20:03:30'),
(750, 696, '30123', '2020-03-16 20:03:30'),
(751, 697, '30123', '2020-03-16 20:03:30'),
(752, 698, '30123', '2020-03-16 20:03:30'),
(753, 699, '30123', '2020-03-16 20:03:30'),
(754, 700, '30123', '2020-03-16 20:03:30'),
(755, 701, '30123', '2020-03-16 20:03:30'),
(756, 702, '30123', '2020-03-16 20:03:30'),
(757, 703, '30123', '2020-03-16 20:03:30'),
(758, 704, '30123', '2020-03-16 20:03:30'),
(759, 705, '30123', '2020-03-16 20:03:30'),
(760, 706, '30123', '2020-03-16 20:03:30'),
(761, 707, '30123', '2020-03-16 20:03:30'),
(762, 708, '30123', '2020-03-16 20:03:30'),
(763, 709, '30123', '2020-03-16 20:03:30'),
(764, 710, '30123', '2020-03-16 20:03:30'),
(765, 711, '30123', '2020-03-16 20:03:30'),
(766, 712, '30123', '2020-03-16 20:03:30'),
(767, 713, '30123', '2020-03-16 20:03:30'),
(768, 714, '30123', '2020-03-16 20:03:30'),
(769, 715, '30123', '2020-03-16 20:03:30'),
(770, 716, '30123', '2020-03-16 20:03:30'),
(771, 717, '30123', '2020-03-16 20:03:30'),
(772, 718, '30123', '2020-03-16 20:03:30'),
(773, 719, '30123', '2020-03-16 20:03:30'),
(774, 720, '30123', '2020-03-16 20:03:30'),
(775, 721, '30123', '2020-03-16 20:03:30'),
(776, 722, '30123', '2020-03-16 20:03:30'),
(777, 723, '30123', '2020-03-16 20:03:30'),
(778, 724, '30123', '2020-03-16 20:03:30'),
(779, 725, '30123', '2020-03-16 20:03:30'),
(780, 726, '30123', '2020-03-16 20:03:30'),
(781, 727, '30123', '2020-03-16 20:03:30'),
(782, 728, '30123', '2020-03-16 20:03:30'),
(783, 729, '30123', '2020-03-16 20:03:30'),
(784, 730, '30123', '2020-03-16 20:03:30'),
(785, 731, '30123', '2020-03-16 20:03:30'),
(786, 732, '30123', '2020-03-16 20:03:30'),
(787, 733, '30123', '2020-03-16 20:03:30'),
(788, 734, '30123', '2020-03-16 20:03:30'),
(789, 735, '30123', '2020-03-16 20:03:30'),
(790, 736, '30123', '2020-03-16 20:03:30'),
(791, 737, '30123', '2020-03-16 20:03:30'),
(792, 738, '30123', '2020-03-16 20:03:30'),
(793, 739, '30123', '2020-03-16 20:03:30'),
(794, 740, '30123', '2020-03-16 20:03:30'),
(795, 741, '30123', '2020-03-16 20:03:30'),
(796, 742, '30123', '2020-03-16 20:03:30'),
(797, 743, '30123', '2020-03-16 20:03:30'),
(798, 744, '30123', '2020-03-16 20:03:30'),
(799, 745, '30123', '2020-03-16 20:03:30'),
(800, 746, '30123', '2020-03-16 20:03:30'),
(801, 747, '30123', '2020-03-16 20:03:30'),
(802, 748, '30123', '2020-03-16 20:03:30'),
(803, 749, '30123', '2020-03-16 20:03:30'),
(804, 750, '30123', '2020-03-16 20:03:30'),
(805, 751, '30123', '2020-03-16 20:03:30'),
(806, 752, '30123', '2020-03-16 20:03:30'),
(807, 753, '30123', '2020-03-16 20:03:30'),
(808, 754, '30123', '2020-03-16 20:03:30'),
(809, 755, '30123', '2020-03-16 20:03:30'),
(810, 756, '30123', '2020-03-16 20:03:30'),
(811, 757, '30123', '2020-03-16 20:03:30'),
(812, 758, '30123', '2020-03-16 20:03:30'),
(813, 759, '30123', '2020-03-16 20:03:30'),
(814, 760, '30123', '2020-03-16 20:03:30'),
(815, 761, '30123', '2020-03-16 20:03:30'),
(816, 762, '30123', '2020-03-16 20:03:30'),
(817, 763, '30123', '2020-03-16 20:03:30'),
(818, 764, '30123', '2020-03-16 20:03:30'),
(819, 765, '30123', '2020-03-16 20:03:30'),
(820, 766, '30123', '2020-03-16 20:03:30'),
(821, 767, '30123', '2020-03-16 20:03:30'),
(822, 768, '30123', '2020-03-16 20:03:30'),
(823, 769, '30123', '2020-03-16 20:03:30'),
(824, 770, '30123', '2020-03-16 20:03:30'),
(825, 771, '30123', '2020-03-16 20:03:30'),
(826, 772, '30123', '2020-03-16 20:03:30'),
(827, 773, '30123', '2020-03-16 20:03:30'),
(828, 774, '30123', '2020-03-16 20:03:30'),
(829, 775, '30123', '2020-03-16 20:03:30'),
(830, 776, '30123', '2020-03-16 20:03:30'),
(831, 777, '30123', '2020-03-16 20:03:30'),
(832, 778, '30123', '2020-03-16 20:03:30'),
(833, 779, '30123', '2020-03-16 20:03:30'),
(834, 780, '30123', '2020-03-16 20:03:30'),
(835, 781, '30123', '2020-03-16 20:03:30'),
(836, 782, '30123', '2020-03-16 20:03:30'),
(837, 783, '30123', '2020-03-16 20:03:30'),
(838, 784, '30123', '2020-03-16 20:03:30'),
(839, 785, '30123', '2020-03-16 20:03:30'),
(840, 786, '30123', '2020-03-16 20:03:30'),
(841, 787, '30123', '2020-03-16 20:03:30'),
(842, 788, '30123', '2020-03-16 20:03:30'),
(843, 789, '30123', '2020-03-16 20:03:30'),
(844, 790, '30123', '2020-03-16 20:03:30'),
(845, 791, '30123', '2020-03-16 20:03:30'),
(846, 792, '30123', '2020-03-16 20:03:30'),
(847, 793, '30123', '2020-03-16 20:03:30'),
(848, 794, '30123', '2020-03-16 20:03:30'),
(849, 795, '30123', '2020-03-16 20:03:30'),
(850, 796, '30123', '2020-03-16 20:03:30'),
(851, 797, '30123', '2020-03-16 20:03:30'),
(852, 798, '30123', '2020-03-16 20:03:30'),
(853, 799, '30123', '2020-03-16 20:03:30'),
(854, 800, '30123', '2020-03-16 20:03:30'),
(855, 801, '30123', '2020-03-16 20:03:30'),
(856, 802, '30123', '2020-03-16 20:03:30'),
(857, 803, '30123', '2020-03-16 20:03:30'),
(858, 804, '30123', '2020-03-16 20:03:30'),
(859, 805, '30123', '2020-03-16 20:03:30'),
(860, 806, '30123', '2020-03-16 20:03:30'),
(861, 807, '30123', '2020-03-16 20:03:30'),
(862, 808, '30123', '2020-03-16 20:03:30'),
(863, 809, '30123', '2020-03-16 20:03:30'),
(864, 810, '30123', '2020-03-16 20:03:30'),
(865, 811, '30123', '2020-03-16 20:03:30'),
(866, 812, '30123', '2020-03-16 20:03:30'),
(867, 813, '30123', '2020-03-16 20:03:30'),
(868, 814, '30123', '2020-03-16 20:03:30'),
(869, 815, '30123', '2020-03-16 20:03:30'),
(870, 816, '30123', '2020-03-16 20:03:30'),
(871, 817, '30123', '2020-03-16 20:03:30'),
(872, 818, '30123', '2020-03-16 20:03:30'),
(873, 819, '30123', '2020-03-16 20:03:30'),
(874, 820, '30123', '2020-03-16 20:03:30'),
(875, 821, '30123', '2020-03-16 20:03:30'),
(876, 822, '30123', '2020-03-16 20:03:30'),
(877, 823, '30123', '2020-03-16 20:03:30'),
(878, 824, '30123', '2020-03-16 20:03:30'),
(879, 825, '30123', '2020-03-16 20:03:30'),
(880, 826, '30123', '2020-03-16 20:03:30'),
(881, 827, '30123', '2020-03-16 20:03:30'),
(882, 828, '30123', '2020-03-16 20:03:30'),
(883, 829, '30123', '2020-03-16 20:03:30'),
(884, 830, '30123', '2020-03-16 20:03:30'),
(885, 831, '30123', '2020-03-16 20:03:30'),
(886, 832, '30123', '2020-03-16 20:03:30'),
(887, 833, '30123', '2020-03-16 20:03:30'),
(888, 834, '30123', '2020-03-16 20:03:30'),
(889, 835, '30123', '2020-03-16 20:03:30'),
(890, 836, '30123', '2020-03-16 20:03:30'),
(891, 837, '30123', '2020-03-16 20:03:30'),
(892, 838, '30123', '2020-03-16 20:03:30'),
(893, 839, '30123', '2020-03-16 20:03:30'),
(894, 840, '30123', '2020-03-16 20:03:30'),
(895, 841, '30123', '2020-03-16 20:03:30'),
(896, 842, '30123', '2020-03-16 20:03:30'),
(897, 843, '30123', '2020-03-16 20:03:30'),
(898, 844, '30123', '2020-03-16 20:03:30'),
(899, 845, '30123', '2020-03-16 20:03:30'),
(900, 846, '30123', '2020-03-16 20:03:30'),
(901, 847, '30123', '2020-03-16 20:03:30'),
(902, 848, '30123', '2020-03-16 20:03:30'),
(903, 849, '30123', '2020-03-16 20:03:30'),
(904, 850, '30123', '2020-03-16 20:03:30'),
(905, 851, '30123', '2020-03-16 20:03:30'),
(906, 852, '30123', '2020-03-16 20:03:30'),
(907, 853, '30123', '2020-03-16 20:03:30'),
(908, 854, '30123', '2020-03-16 20:03:30'),
(909, 855, '30123', '2020-03-16 20:03:30'),
(910, 856, '30123', '2020-03-16 20:03:30'),
(911, 857, '30123', '2020-03-16 20:03:30'),
(912, 858, '30123', '2020-03-16 20:03:30'),
(913, 859, '30123', '2020-03-16 20:03:30'),
(914, 860, '30123', '2020-03-16 20:03:30'),
(915, 861, '30123', '2020-03-16 20:03:30'),
(916, 862, '30123', '2020-03-16 20:03:30'),
(917, 863, '30123', '2020-03-16 20:03:30'),
(918, 864, '30123', '2020-03-16 20:03:30'),
(919, 865, '30123', '2020-03-16 20:03:30'),
(920, 866, '30123', '2020-03-16 20:03:30'),
(921, 867, '30123', '2020-03-16 20:03:30'),
(922, 868, '30123', '2020-03-16 20:03:30'),
(923, 869, '30123', '2020-03-16 20:03:30'),
(924, 870, '30123', '2020-03-16 20:03:30'),
(925, 871, '30123', '2020-03-16 20:03:30'),
(926, 872, '30123', '2020-03-16 20:03:30'),
(927, 873, '30123', '2020-03-16 20:03:30'),
(928, 874, '30123', '2020-03-16 20:03:30'),
(929, 875, '30123', '2020-03-16 20:03:30'),
(930, 876, '30123', '2020-03-16 20:03:30'),
(931, 877, '30123', '2020-03-16 20:03:30'),
(932, 878, '30123', '2020-03-16 20:03:30'),
(933, 879, '30123', '2020-03-16 20:03:30'),
(934, 880, '30123', '2020-03-16 20:03:30'),
(935, 881, '30123', '2020-03-16 20:03:30'),
(936, 882, '30123', '2020-03-16 20:03:30'),
(937, 883, '30123', '2020-03-16 20:03:30'),
(938, 884, '30123', '2020-03-16 20:03:30'),
(939, 885, '30123', '2020-03-16 20:03:30'),
(940, 886, '30123', '2020-03-16 20:03:30'),
(941, 887, '30123', '2020-03-16 20:03:30'),
(942, 888, '30123', '2020-03-16 20:03:30'),
(943, 889, '30123', '2020-03-16 20:03:30'),
(944, 890, '30123', '2020-03-16 20:03:30'),
(945, 891, '30123', '2020-03-16 20:03:30'),
(946, 892, '30123', '2020-03-16 20:03:30'),
(947, 893, '30123', '2020-03-16 20:03:30'),
(948, 894, '30123', '2020-03-16 20:03:30'),
(949, 895, '30123', '2020-03-16 20:03:30'),
(950, 896, '30123', '2020-03-16 20:03:30'),
(951, 897, '30123', '2020-03-16 20:03:30'),
(952, 898, '30123', '2020-03-16 20:03:30'),
(953, 899, '30123', '2020-03-16 20:03:30'),
(954, 900, '30123', '2020-03-16 20:03:30'),
(955, 901, '30123', '2020-03-16 20:03:30'),
(956, 902, '30123', '2020-03-16 20:03:30'),
(957, 903, '30123', '2020-03-16 20:03:30'),
(958, 904, '30123', '2020-03-16 20:03:30'),
(959, 905, '30123', '2020-03-16 20:03:30'),
(960, 906, '30123', '2020-03-16 20:03:30'),
(961, 907, '30123', '2020-03-16 20:03:30'),
(962, 908, '30123', '2020-03-16 20:03:30'),
(963, 909, '30123', '2020-03-16 20:03:30'),
(964, 910, '30123', '2020-03-16 20:03:30');

--
-- Indexes for dumped tables
--

--
-- Indexes for table `tbl_absen`
--
ALTER TABLE `tbl_absen`
  ADD PRIMARY KEY (`id_absen`),
  ADD KEY `id_acara` (`id_acara`),
  ADD KEY `id_siswa` (`id_siswa`);

--
-- Indexes for table `tbl_absensi_ami`
--
ALTER TABLE `tbl_absensi_ami`
  ADD PRIMARY KEY (`id_absensi_ami`),
  ADD KEY `id_acara` (`id_acara`),
  ADD KEY `id_siswa` (`id_siswa`),
  ADD KEY `id_jampel` (`id_jampel`);

--
-- Indexes for table `tbl_acara`
--
ALTER TABLE `tbl_acara`
  ADD PRIMARY KEY (`id_acara`),
  ADD KEY `id_kategori` (`id_nama_acara`);

--
-- Indexes for table `tbl_akses`
--
ALTER TABLE `tbl_akses`
  ADD PRIMARY KEY (`id_akses`);

--
-- Indexes for table `tbl_guru`
--
ALTER TABLE `tbl_guru`
  ADD PRIMARY KEY (`id_guru`),
  ADD KEY `id_akses` (`id_akses`);

--
-- Indexes for table `tbl_jampel`
--
ALTER TABLE `tbl_jampel`
  ADD PRIMARY KEY (`id_jampel`);

--
-- Indexes for table `tbl_kategori`
--
ALTER TABLE `tbl_kategori`
  ADD PRIMARY KEY (`id_kategori`);

--
-- Indexes for table `tbl_kelas`
--
ALTER TABLE `tbl_kelas`
  ADD PRIMARY KEY (`id_kelas`);

--
-- Indexes for table `tbl_nama_acara`
--
ALTER TABLE `tbl_nama_acara`
  ADD PRIMARY KEY (`id_nama_acara`),
  ADD KEY `id_kategori` (`id_kategori`);

--
-- Indexes for table `tbl_siswa`
--
ALTER TABLE `tbl_siswa`
  ADD PRIMARY KEY (`id_siswa`),
  ADD KEY `id_kelas` (`id_kelas`);

--
-- Indexes for table `tbl_validasi`
--
ALTER TABLE `tbl_validasi`
  ADD PRIMARY KEY (`id_validasi`),
  ADD KEY `id_absen` (`id_absen`),
  ADD KEY `id_guru` (`id_guru`);

--
-- AUTO_INCREMENT for dumped tables
--

--
-- AUTO_INCREMENT for table `tbl_absen`
--
ALTER TABLE `tbl_absen`
  MODIFY `id_absen` int(10) UNSIGNED NOT NULL AUTO_INCREMENT, AUTO_INCREMENT=1751;

--
-- AUTO_INCREMENT for table `tbl_absensi_ami`
--
ALTER TABLE `tbl_absensi_ami`
  MODIFY `id_absensi_ami` int(10) UNSIGNED NOT NULL AUTO_INCREMENT, AUTO_INCREMENT=903;

--
-- AUTO_INCREMENT for table `tbl_acara`
--
ALTER TABLE `tbl_acara`
  MODIFY `id_acara` int(10) UNSIGNED NOT NULL AUTO_INCREMENT, AUTO_INCREMENT=5;

--
-- AUTO_INCREMENT for table `tbl_jampel`
--
ALTER TABLE `tbl_jampel`
  MODIFY `id_jampel` int(2) UNSIGNED NOT NULL AUTO_INCREMENT, AUTO_INCREMENT=3;

--
-- AUTO_INCREMENT for table `tbl_validasi`
--
ALTER TABLE `tbl_validasi`
  MODIFY `id_validasi` int(10) UNSIGNED NOT NULL AUTO_INCREMENT, AUTO_INCREMENT=965;

--
-- Constraints for dumped tables
--

--
-- Constraints for table `tbl_absen`
--
ALTER TABLE `tbl_absen`
  ADD CONSTRAINT `tbl_absen_ibfk_1` FOREIGN KEY (`id_siswa`) REFERENCES `tbl_siswa` (`id_siswa`) ON DELETE CASCADE ON UPDATE CASCADE,
  ADD CONSTRAINT `tbl_absen_ibfk_2` FOREIGN KEY (`id_acara`) REFERENCES `tbl_acara` (`id_acara`) ON DELETE SET NULL ON UPDATE CASCADE;

--
-- Constraints for table `tbl_absensi_ami`
--
ALTER TABLE `tbl_absensi_ami`
  ADD CONSTRAINT `tbl_absensi_ami_ibfk_2` FOREIGN KEY (`id_siswa`) REFERENCES `tbl_siswa` (`id_siswa`) ON DELETE CASCADE ON UPDATE CASCADE,
  ADD CONSTRAINT `tbl_absensi_ami_ibfk_3` FOREIGN KEY (`id_jampel`) REFERENCES `tbl_jampel` (`id_jampel`) ON DELETE CASCADE ON UPDATE CASCADE,
  ADD CONSTRAINT `tbl_absensi_ami_ibfk_4` FOREIGN KEY (`id_acara`) REFERENCES `tbl_acara` (`id_acara`) ON DELETE SET NULL ON UPDATE CASCADE;

--
-- Constraints for table `tbl_acara`
--
ALTER TABLE `tbl_acara`
  ADD CONSTRAINT `tbl_acara_ibfk_1` FOREIGN KEY (`id_nama_acara`) REFERENCES `tbl_nama_acara` (`id_nama_acara`) ON DELETE CASCADE ON UPDATE CASCADE;

--
-- Constraints for table `tbl_guru`
--
ALTER TABLE `tbl_guru`
  ADD CONSTRAINT `tbl_guru_ibfk_1` FOREIGN KEY (`id_akses`) REFERENCES `tbl_akses` (`id_akses`) ON DELETE CASCADE ON UPDATE CASCADE;

--
-- Constraints for table `tbl_nama_acara`
--
ALTER TABLE `tbl_nama_acara`
  ADD CONSTRAINT `tbl_nama_acara_ibfk_1` FOREIGN KEY (`id_kategori`) REFERENCES `tbl_kategori` (`id_kategori`) ON DELETE CASCADE ON UPDATE CASCADE;

--
-- Constraints for table `tbl_siswa`
--
ALTER TABLE `tbl_siswa`
  ADD CONSTRAINT `tbl_siswa_ibfk_1` FOREIGN KEY (`id_kelas`) REFERENCES `tbl_kelas` (`id_kelas`) ON UPDATE CASCADE;

--
-- Constraints for table `tbl_validasi`
--
ALTER TABLE `tbl_validasi`
  ADD CONSTRAINT `tbl_validasi_ibfk_1` FOREIGN KEY (`id_guru`) REFERENCES `tbl_guru` (`id_guru`) ON DELETE CASCADE ON UPDATE CASCADE,
  ADD CONSTRAINT `tbl_validasi_ibfk_2` FOREIGN KEY (`id_absen`) REFERENCES `tbl_absen` (`id_absen`) ON DELETE CASCADE ON UPDATE CASCADE;
COMMIT;

/*!40101 SET CHARACTER_SET_CLIENT=@OLD_CHARACTER_SET_CLIENT */;
/*!40101 SET CHARACTER_SET_RESULTS=@OLD_CHARACTER_SET_RESULTS */;
/*!40101 SET COLLATION_CONNECTION=@OLD_COLLATION_CONNECTION */;
